Field [T],Moment (m) [emu/cm3],Moment (m) [emu/cm3]_lin-part,Moment (m) [emu/cm3]_y-lin-subtract
2.000020798,-177.1778584392015,-268.11174151588347,90.93388307668198
1.9901690050000003,-175.81669691470057,-266.79106456046117,90.97436764576061
1.9801555069999999,-174.68239564428313,-265.44871032587986,90.76631468159674
1.9701468850000001,-172.86751361161527,-264.1070097409272,91.23949612931195
1.9601403750000002,-172.6406533575318,-262.76559227902936,90.12493892149756
1.950134076,-170.8257713248639,-261.42420310262605,90.59843177776216
1.940128757,-169.01088929219603,-260.08294529961,91.07205600741398
1.93012296,-167.8765880217786,-258.741623418554,90.86503539677543
1.920118838,-167.6497277676951,-257.40052607874657,89.75079831105147
1.9101132490000001,-164.9274047186933,-256.0592320810218,91.13182736232845
1.9001082880000002,-164.01996370235935,-254.71802226950837,90.69805856714902
1.89010493,-162.20508166969148,-253.3770273473211,91.17194567762962
1.880099153,-160.6170598911071,-252.0357081473547,91.41864825624761
1.8700949740000001,-159.48275862068968,-250.6946031664421,91.21184454575241
1.860091567,-159.25589836660617,-249.3536016755855,90.09770330897932
1.850086092,-157.44101633393834,-248.01232296007103,90.5713066261327
1.840082985,-155.85299455535392,-246.67136168555746,90.81836713020354
1.830079308,-154.7186932849365,-245.33032399999215,90.61163071505564
1.820073839,-153.3575317604356,-243.98904608880457,90.63151432836897
1.8100699830000002,-151.5426497277677,-242.64798440748797,91.10533467972026
1.800067039,-150.86206896551727,-241.30704498385407,90.44497601833682
1.790062081,-149.72776769509986,-239.96583557450407,90.23806787940424
1.7800589380000003,-147.68602540834846,-238.6248694740294,90.93884406568091
1.7700538820000002,-146.55172413793105,-237.2836469273407,90.73192278940965
1.7600514480000002,-145.19056261343013,-235.94277587148994,90.75221325805983
1.750046417,-143.82940108892922,-234.6015566761631,90.7721555872339
1.740042322,-142.6950998185118,-233.26046295582654,90.56536313731475
1.7300397840000001,-141.10707803992742,-231.91957795831024,90.81249991838284
1.7200334750000004,-138.38475499092561,-230.57818744136225,92.19343245043663
1.7100312979999999,-137.93103448275863,-229.23735083751197,91.30631635475335
1.7000280380000001,-137.70417422867516,-227.89636905266352,90.19219482398836
1.6900226090000001,-135.66243194192378,-226.555096503655,90.8926645617312
1.6800196360000001,-134.3012704174229,-225.2141531924413,90.9128827750184
1.6700155490000002,-133.39382940108894,-223.87306054454052,90.47923114345157
1.660011839,-132.03266787658802,-222.5320184351775,90.49935055858946
1.650008546,-130.67150635208714,-221.19103222653123,90.51952587444411
1.640004551,-129.08348457350274,-219.84995191164234,90.7664673381396
1.63000026,-128.4029038112523,-218.50883191662834,90.10592810537604
1.619996076,-125.68058076225046,-217.16772626544332,91.48714550319286
1.609993536,-125.00000000000001,-215.82684099981805,90.82684099981803
1.5999885990000002,-124.09255898366608,-214.48563440561213,90.39307542194604
1.589985967,-121.82395644283122,-213.14473680697498,91.32078036414376
1.579982776,-121.37023593466427,-211.80376427188534,90.43352833722108
1.569978332,-120.46279491833033,-210.46262376653638,89.99982884820606
1.559975748,-118.64791288566244,-209.12173260251416,90.47381971685172
1.5499699290000002,-117.28675136116155,-207.78040777225974,90.49365641109819
1.53996687,-116.3793103448276,-206.439452932361,90.0601425875334
1.5299634990000002,-113.88384754990926,-205.09845626746562,91.21460871755635
1.51995841,-113.43012704174231,-203.75722929697915,90.32710225523685
1.509957229,-112.74954627949185,-202.41652621138778,89.66697993189592
1.49995111,-110.93466424682397,-201.0751611647903,90.14049691796633
1.489948803,-109.11978221415609,-199.73430713385812,90.61452491970203
1.479944745,-108.43920145190565,-198.39321837353717,89.95401692163153
1.4699411190000002,-106.85117967332124,-197.0521875247502,90.20100785142897
1.459937811,-106.62431941923775,-195.71119930528678,89.08687988604903
1.44993334,-104.35571687840292,-194.37005518046698,90.01433830206406
1.439930208,-102.994555353902,-193.0290905545915,90.03453520068949
1.429926202,-102.76769509981852,-191.68800876510335,88.92031366528481
1.4199228970000002,-100.49909255898368,-190.3470209478034,89.84792838881971
1.4099191590000002,-98.91107078039929,-189.005975084915,90.09490430451572
1.3999151140000001,-98.6842105263158,-187.6648880673023,88.98067754098648
1.389912687,-96.64246823956444,-186.3240179498329,89.68154971026844
1.379908108,-95.05444646098005,-184.98285934712956,89.92841288614952
1.36990421,-94.3738656987296,-183.6417920355249,89.26792633679531
1.3599010070000002,-93.46642468239565,-182.3008178917816,88.83439320938594
1.349896395,-90.97096188747732,-180.95965486528053,89.98869297780321
1.3398936760000002,-90.51724137931036,-179.61874560390396,89.1015042245936
1.329889339,-89.38294010889294,-178.27761944238398,88.89467933349104
1.319885542,-87.79491833030853,-176.93656567028145,89.14164733997292
1.309882991,-85.98003629764067,-175.59567893005698,89.61564263241631
1.299878251,-85.5263157894737,-174.25449874458292,88.7281829551092
1.289873713,-82.80399274047188,-172.91334563811313,90.10935289764124
1.279871194,-81.89655172413795,-171.57246318763188,89.67591146349393
1.2698672860000002,-80.76225045372051,-170.23139453548248,89.46914408176197
1.259863229,-79.85480943738658,-168.890305909216,89.03549647182942
1.249858974,-77.81306715063522,-167.54919074016314,89.73612358952792
1.2398554190000002,-77.13248638838476,-166.20816940924405,89.07568302085929
1.2298509800000001,-75.77132486388385,-164.86702957416747,89.09570471028361
1.219847145,-74.63702359346644,-163.52597070799482,88.88894711452838
1.209843833,-73.27586206896552,-162.18498195231354,88.90911988334801
1.199839603,-72.59528130671507,-160.8438701346226,88.24858882790751
1.189836713,-70.09981851179674,-159.50293794993047,89.40311943813374
1.1798314010000002,-69.19237749546281,-158.16168108529573,88.96930358983293
1.169829524,-68.05807622504538,-156.82088469778853,88.76280847274316
1.159822468,-66.01633393829401,-155.47939404214637,89.46306010385234
1.1498203770000002,-65.56261343012706,-154.13856896698118,88.57595553685414
1.139815824,-64.20145190562614,-152.79741384969424,88.59596194406811
1.12981202,-62.84029038112523,-151.45635913921038,88.61606875808515
1.1198077450000001,-61.025408348457354,-150.11524128906802,89.08983294061066
1.109803903,-60.57168784029039,-148.77418148451406,88.20249364422367
1.099798639,-59.21052631578948,-147.4329310544942,88.22240473870471
1.089794442,-56.94192377495463,-146.091823660601,89.14989988564638
1.0797917670000001,-56.94192377495463,-144.75092029762138,87.80899652266673
1.069786229,-55.35390199637024,-143.40963313667487,88.05573114030463
1.059783073,-53.312159709618875,-142.06866529349196,88.75650558387306
1.049777522,-52.63157894736843,-140.72737638983725,88.09579744246884
1.039774524,-51.724137931034484,-139.38642972726166,87.66229179622717
1.02976998,-49.45553539019964,-138.04527581646502,88.58974042626538
1.0197657390000001,-48.5480943738657,-136.70416252417488,88.15606815030917
1.0097604530000002,-47.1869328493648,-135.36290914495652,88.17597629559172
0.9997561305,-46.05263157894737,-134.02178492722646,87.96915334827911
0.9897521443,-44.91833030852995,-132.68070579201697,87.76237548348702
0.9797469531999999,-43.55716878402904,-131.33946513456846,87.7822963505394
0.9697431002,-41.74228675136116,-129.99840385541523,88.25611710405407
0.9597385245,-41.06170598911071,-128.65724569509172,87.595539705981
0.9497331222000002,-39.7005444646098,-127.31597672533773,87.61543226072794
0.9397295363,-38.3393829401089,-125.97495125213524,87.63556831202634
0.9297244321000001,-37.431941923774964,-124.63372224402077,87.2017803202458
0.9197189560000001,-35.843920145190566,-123.2924433810464,87.44852323585583
0.9097163973000001,-34.70961887477314,-121.95155560860242,87.24193673382928
0.8997099899000001,-33.8021778584392,-120.61015190069385,86.80797404225464
0.8897074403,-31.98729582577133,-119.26926534814561,87.2819695223743
0.8797015166,-30.399274047186935,-117.92792648238743,87.5286524352005
0.8696976229000001,-29.491833030852995,-116.58685974721703,87.09502671636405
0.8596917606000001,-28.584392014519057,-115.24552911240376,86.6611370978847
0.8496864157,-26.315789473684216,-113.90426783737672,87.5884783636925
0.8396825262000001,-26.08892921960073,-112.56320166523511,86.47427244563438
0.8296767867000001,-24.27404718693285,-111.22188749231157,86.9478403053787
0.8196735304,-22.912885662431943,-109.88090620346462,86.96802054103267
0.8096670902,-22.686025408348463,-108.53949809856923,85.85347269022077
0.7996625923,-20.235934664246823,-107.19835036768397,86.96241570343714
0.7896585466000001,-19.033575317604356,-105.85726325623313,86.82368793862877
0.779651564,-18.443738656987296,-104.51578244018955,86.07204378320226
0.7696490844,-16.606170598911074,-103.17490527145468,86.56873467254361
0.7596429001000001,-15.857531760435574,-101.83353147109989,85.97599971066433
0.7496391895,-14.609800362976408,-100.49248928130416,85.88268891832774
0.7396339084000001,-13.339382940108893,-99.15123655895275,85.81185361884386
0.72962867,-12.023593466424684,-97.80998956072747,85.7863960943028
0.7196245394,-10.662431941923776,-96.46889106805153,85.80645912612776
0.7096189579000001,-8.756805807622506,-95.12759807573532,86.37079226811281
0.6996140482000001,-7.985480943738658,-93.78639514121656,85.80091419747791
0.6896086501,-6.8511796733212345,-92.44512673449137,85.59394706117013
0.6796042389000001,-5.1497277676951,-91.10399062612926,85.95426285843416
0.6695991785000001,-4.514519056261343,-89.76276748960085,85.2482484333395
0.6595933656,-2.767695099818512,-88.4214434770787,85.65374837726019
0.6495900676999999,-1.6969147005444647,-87.08045661156551,85.38354191102104
0.6395832812,-0.36070780399274055,-85.73900208360483,85.37829427961208
0.6295795225,1.1229582577132489,-84.39795344578879,85.52091170350204
0.6195742414000001,2.0281306715063523,-83.05670072343737,85.08483139494372
0.6095686244,3.6297640653357535,-81.71540297218722,85.34516703752297
0.5995656762,5.104355716878404,-80.37446298552456,85.47881870240296
0.5895578804,5.558076225045372,-79.03287315638052,84.5909493814259
0.5795549746,7.372958257713249,-77.69193885362768,85.06489711134093
0.5695492349000001,9.074410163339383,-76.35062465389323,85.42503481723263
0.5595451724,9.777676950998186,-75.00953529032714,84.78721224132532
0.5495392325,11.32032667876588,-73.66819425288647,84.98852093165235
0.5395355749,12.590744101633396,-72.32715916797801,84.91790326961141
0.5295292013,13.702359346642469,-70.98575999111077,84.68811933775324
0.5195245967000001,15.018148820326681,-69.64459795661286,84.66274677693954
0.5095207073,15.76678765880218,-68.30353179787669,84.07031945667887
0.4995145441,17.67241379310345,-66.96216082607135,84.6345746191748
0.4895107891,18.579854809437386,-65.62111268425687,84.20096749369425
0.47950485740000004,19.646098003629767,-64.27977274606289,83.92587074969266
0.469500994,21.05263157894737,-62.938710072743135,83.9913416516905
0.4594962132,22.141560798548095,-61.59752441784642,83.73908521639451
0.44949014900000006,23.82032667876588,-60.25616671743428,84.07649339620018
0.4394872331,24.72776769509982,-58.91523106073121,83.64299875583103
0.4294814061,25.862068965517242,-57.57390515804095,83.4359741235582
0.4194775242,27.903811252268607,-56.23284000471337,84.13665125698198
0.40947065990000003,28.357531760435577,-54.8913750473144,83.24890680774998
0.3994675938,29.71869328493648,-53.550419255628924,83.26911254056542
0.389462238,31.07985480943739,-52.209156519408104,83.28901132884549
0.3794567131,32.4410163339383,-50.86787111457526,83.30888744851356
0.3694535863,33.348457350272234,-49.52690718578305,82.87536453605529
0.3594471898,34.93647912885663,-48.18550493906829,83.12198406792493
0.3494433725,35.3901996370236,-46.84444844565991,82.2346480826835
0.3394381144,36.75136116152451,-45.50319880656145,82.25455996808596
0.3294337188,38.56624319419238,-44.162064789449175,82.72830798364156
0.3194291011,39.92740471869329,-42.820900998837615,82.74830571753091
0.3094275151,40.83484573502723,-41.480143621183146,82.31498935621038
0.2994196912,42.19600725952814,-40.138550025108316,82.33455728463646
0.28941389170000004,43.78402903811253,-38.79722780891617,82.58125684702868
0.27940991860000003,44.237749546279495,-37.4561504298203,81.69389997609979
0.2694063631,46.27949183303086,-36.11512903187392,82.39462086490478
0.2593989522,47.1869328493648,-34.77359080029797,81.96052364966278
0.24939652900000003,48.32123411978222,-33.4327211922356,81.75395531201782
0.23939210830000002,49.22867513611615,-32.09158381035595,81.32025894647211
0.22938592319999998,51.04355716878404,-30.750209902757565,81.79376707154161
0.2193816163,52.17785843920146,-29.409087776277378,81.58694621547883
0.2093792173,53.08529945553539,-28.06822141233333,81.15352086786872
0.1993732333,54.67332123411979,-26.726874463090223,81.40019569721001
0.18936600309999999,55.12704174228676,-25.38536045515822,80.51240219744498
0.17936557350000001,57.168784029038115,-24.044758098100637,81.21354212713875
0.1693599869,58.303085299455546,-22.70346442210658,81.00654972156212
0.15935356950000001,59.21052631578948,-21.36205937365326,80.57258568944273
0.1493497298,61.47912885662433,-20.020999877424593,81.50012873404893
0.1393471319,61.932849364791295,-18.680106850045128,80.61295621483642
0.129341642,62.84029038112523,-17.338826137118968,80.17911651824419
0.11933537690000001,64.20145190562614,-15.997441505162454,80.19889341078859
0.1093333189,65.56261343012706,-14.656620853794971,80.21923428392202
0.09932948751000001,66.01633393829401,-13.315562471559007,79.33189640985303
0.08932222732,67.37749546279493,-11.974044443333247,79.35153990612817
0.07931867315,68.96551724137932,-10.633023223679322,79.59854046505863
0.06931561143000001,70.7803992740472,-9.292068019152458,80.07246729319965
0.05931048125,71.23411978221415,-7.950835528302667,79.18495531051683
0.04930438815,71.46098003629764,-6.609473953716149,78.07045399001379
0.03930174375000001,74.18330308529947,-5.268574692803515,79.45187777810298
0.02929940782,74.18330308529947,-3.9277167836753137,78.1110198689748
0.019284774100000002,75.99818511796734,-2.585210300743785,78.58339541871113
0.009287960005,77.58620689655173,-1.245092618317074,78.83129951486879
-0.0007167699384,78.72050816696917,0.09608621902473662,78.62442194794443
-0.01072031984,33.575317604355725,1.4371068664805342,32.13821073787519
-0.02072454853,-76.90562613430127,2.778218508560101,-79.68384464286137
-0.0307282693,-75.31760435571688,4.119262061689849,-79.43686641740673
-0.040734289660000006,-74.86388384754993,5.460613885153731,-80.32449773270366
-0.05073716149,-73.04900181488203,6.801543634076008,-79.85054544895804
-0.06074057316,-72.36842105263159,8.142545750967,-80.51096680359859
-0.07074637751,-70.7803992740472,9.483868617323363,-80.26426789137057
-0.08074866491,-70.55353901996371,10.824720020787808,-81.3782590407515
-0.09075242245,-67.83121597096189,12.165768503100665,-79.99698447406256
-0.1007558763,-67.6043557168784,13.50677627440949,-81.1111319912879
-0.110762131,-66.47005444646099,14.848159512199445,-81.31821395866044
-0.12076472470000002,-65.56261343012706,16.189051976550115,-81.75166540667716
-0.13076796340000002,-64.42831215970962,17.530030906038267,-81.9583430657479
-0.1407740415,-62.61343012704175,18.87139046980763,-81.48482059684937
-0.1507770216,-62.15970961887478,20.212334732808102,-82.37204435168287
-0.1607799678,-60.11796733212342,21.553274451361816,-81.67124178348523
-0.170785925,-58.98366606170599,22.894617807944947,-81.87828386965094
-0.180789913,-57.84936479128857,24.23569718445251,-82.08506197574108
-0.19079160250000002,-56.488203266787664,25.576468436745323,-82.06467170353298
-0.20079634000000002,-56.0344827586207,26.917648287083193,-82.9521310457039
-0.210802128,-54.21960072595282,28.258968961648858,-82.47856968760168
-0.2208038193,-53.08529945553539,29.59974045523973,-82.68503991077512
-0.23080800720000003,-52.40471869328494,30.94084662923719,-83.34556532252213
-0.2408126524,-50.81669691470055,32.28201410634686,-83.09871102104741
-0.25081613160000005,-49.682395644283126,33.62302527593667,-83.3054209202198
-0.2608164891,-47.86751361161525,34.96361796766647,-82.83113157928172
-0.2708234052,-46.73321234119783,36.30508986908733,-83.03830221028515
-0.2808275357,-46.05263157894737,37.64618834835784,-83.69881992730521
-0.29083090040000004,-44.69147005444647,38.987184168710066,-83.67865422315653
-0.3008347733,-43.33030852994556,40.32824811554735,-83.65855664549291
-0.31084040970000004,-42.42286751361162,41.66954846745435,-84.09241598106597
-0.32084195,-40.15426497277677,43.010299718819226,-83.164564691596
-0.3308470157,-39.24682395644284,44.35152356583636,-83.5983475222792
-0.34084994980000005,-38.3393829401089,45.692461662330906,-84.03184460243982
-0.3508533634,-36.75136116152451,47.033464037947034,-83.78482519947156
-0.3608583845,-35.843920145190566,48.374681906134505,-84.21860205132508
-0.3708607922,-34.255898366606175,49.7155494363525,-83.97144780295866
-0.3808653813,-33.348457350272234,51.056709393006024,-84.40516674327826
-0.39086847560000004,-32.4410163339383,52.39766896502774,-84.83868529896604
-0.40087309000000004,-30.852994555353906,53.73883231325953,-84.59182686861342
-0.4108767607,-30.172413793103452,55.07986915428162,-85.25228294738507
-0.42087880750000006,-28.13067150635209,56.42068830423897,-84.55135981059105
-0.43088439520000005,-26.769509981851183,57.76198212769295,-84.53149210954413
-0.4408865032,-25.18148820326679,59.10280948178426,-84.28429768505106
-0.4508914666,-24.27404718693285,60.444019615028424,-84.71806680196127
-0.46089524400000004,-23.82032667876588,61.78507075966319,-85.60539743842908
-0.47089868020000003,-22.686025408348463,63.1260761649105,-85.81210157325896
-0.4809036582,-21.143375680580764,64.46728825535001,-85.61066393593077
-0.49090555020000004,-19.48729582577133,65.80808665367437,-85.29538247944569
-0.5009105821000001,-18.557168784029038,67.1493059696502,-85.70647475367923
-0.5109131905000001,-17.037205081669693,68.49020040460167,-85.52740548627136
-0.5209181321,-15.90290381125227,69.83140761545823,-85.7343114267105
-0.5309204715,-14.496370235934666,71.17226598975546,-85.66863622569012
-0.5409254245,-13.362068965517244,72.51347472883306,-85.87554369435031
-0.5509271305000001,-12.06896551724138,73.85424819302474,-85.92321371026614
-0.5609320091,-10.88929219600726,75.19544695844927,-86.08473915445654
-0.5709359836,-8.52994555353902,76.5365245252214,-85.06647007876042
-0.5809381104,-8.212341197822143,77.87735439953688,-86.08969559735904
-0.5909430853000001,-6.76043557168784,79.21856607440753,-85.97900164609538
-0.6009457073,-6.19328493647913,80.55946233249988,-86.75274726897902
-0.6109518574,-4.219600725952813,81.90083154819158,-86.12043227414439
-0.6209538155000001,-3.0852994555353903,83.24163880751684,-86.32693826305223
-0.6309577093000001,-1.637931034482759,84.58270555609269,-86.22063659057545
-0.6409617602000001,-0.6896551724137933,85.92379336462686,-86.61344853704065
-0.6509642625000001,0.6420145190562614,87.26467357639835,-86.62265905734209
-0.6609694824000001,2.0757713248638843,88.60591809461579,-86.53014676975191
-0.6709716511,2.745009074410164,89.94675358581384,-87.20174451140367
-0.6809751897,5.172413793103449,91.28777271823955,-86.1153589251361
-0.6909798064,5.1497277676951,92.62893637479664,-87.47920860710154
-0.7009828659,6.78312159709619,93.96989128172257,-87.18676968462638
-0.7109882254000001,8.23502722323049,95.31115451394496,-87.07612729071448
-0.7209898392,9.664246823956443,96.6519156183139,-86.98766879435743
-0.7309947904,10.45825771324864,97.99312411609344,-87.5348664028448
-0.7409980965,11.524500907441016,99.33411208085332,-87.80961117341229
-0.7510018578000001,13.679673321234121,100.67516106721101,-86.99548774597689
-0.7610068353,13.793103448275865,102.01637309062328,-88.22326964234742
-0.7710088139000001,16.424682395644286,103.35718309806532,-86.93250070242105
-0.7810154351999999,16.92377495462795,104.69861548022644,-87.77484052559849
-0.7910166676,18.761343012704177,106.03932545621794,-87.27798244351376
-0.8010219303,19.373865698729585,107.38057571196698,-88.00671001323741
-0.8110257746,22.028130671506354,108.72163582484625,-86.69350515333988
-0.8210287156000001,22.345735027223235,110.06257484631669,-87.71683981909345
-0.8310325488000001,22.686025408348463,111.40363347119126,-88.7176080628428
-0.8410365494,24.27404718693285,112.74471453678522,-88.47066734985238
-0.851040797,26.315789473684216,114.08582871383494,-87.77003924015072
-0.8610457009,26.542649727767696,115.42703087083773,-88.88438114307003
-0.8710487625,28.357531760435577,116.76798605927804,-88.41045429884248
-0.8810532921,30.172413793103452,118.10913803969022,-87.93672424658678
-0.8910569127000001,30.852994555353906,119.45016816458303,-88.59717360922913
-0.9010628088,32.21415607985481,120.79150333043764,-88.57734725058282
-0.9110668365,34.02903811252269,122.13258802890792,-88.10354991638523
-0.9210709610000001,34.70961887477314,123.47368570385156,-88.76406682907842
-0.9310747254,36.07078039927405,124.81473510577813,-88.74395470650407
-0.9410789702000001,37.65880217785844,126.15584890747532,-88.49704672961688
-0.9510830287000002,38.793103448275865,127.4969377348235,-88.70383428654765
-0.9610854695000001,40.15426497277677,128.83780970224467,-88.68354472946788
-0.9710921265000001,40.607985480943746,130.17924687015062,-89.57126138920687
-0.9810959991,42.42286751361162,131.52031077677157,-89.09744326315993
-0.991098993,43.78402903811253,132.86125688972382,-89.07722785161128
-1.0011053980000002,44.91833030852995,134.20266027590162,-89.28432996737169
-1.011108955,46.05263157894737,135.54368187492972,-89.49105029598235
-1.0211131100000002,47.86751361161525,136.8847836385349,-89.01727002691966
-1.03111817,49.45553539019964,138.2260067214415,-88.77047133124186
-1.041121557,50.13611615245009,139.56700553120857,-89.43088937875848
-1.051128566,51.724137931034484,140.90848988629028,-89.1843519552558
-1.0611307110000001,52.40471869328494,142.24932220039724,-89.84460350711232
-1.071136979,54.21960072595282,143.59070722111176,-89.37110649515895
-1.0811410970000002,55.807622504537214,144.9318040247013,-89.12418152016409
-1.091145051,56.0344827586207,146.27287884335666,-90.23839608473595
-1.1011503280000001,57.84936479128857,147.61413101608474,-89.76476622479618
-1.1111559880000001,59.66424682395645,148.95543453167738,-89.29118770772092
-1.121158544,60.79854809437387,150.29632194217425,-89.49777384780039
-1.1311645670000001,61.47912885662433,151.63767411954197,-90.15854526291763
-1.14116886,63.2940108892922,152.97879438266494,-89.68478349337273
-1.151174022,64.20145190562614,154.32003113912816,-90.11857923350203
-1.161177911,65.56261343012706,155.6610972442425,-90.09848381411547
-1.171182723,66.01633393829401,157.0022870816389,-90.98595314334489
-1.181188388,68.96551724137932,158.34359126750394,-89.37807402612462
-1.1911917520000002,69.64609800362977,159.68458699401805,-90.03848899038829
-1.201197649,71.00725952813069,161.02592228052166,-90.01866275239097
-1.211203409,71.68784029038113,162.36723920156197,-90.67939891118084
-1.2212078400000002,73.50272232304901,163.70837796420275,-90.20565564115375
-1.2312118140000001,75.0907441016334,165.04945546394765,-89.95871136231425
-1.2412168410000002,75.77132486388385,166.39067412305653,-90.61934925917268
-1.251222121,77.13248638838476,167.731926697948,-90.59944030956326
-1.261226822,78.72050816696917,169.07310165529748,-90.35259348832831
-1.271232912,80.08166969147005,170.41446281431513,-90.33279312284509
-1.281236932,81.66969147005446,171.75554648056595,-90.0858550105115
-1.2912411400000001,83.03085299455536,173.09665534905838,-90.06580235450302
-1.30124751,83.9382940108893,174.4380540433295,-90.49976003244021
-1.311252569,85.75317604355718,175.77927699218165,-90.02610094862447
-1.321255842,87.11433756805808,177.12026051973834,-90.00592295168026
-1.331261304,87.34119782214157,178.4615374925446,-91.12033967040304
-1.341267319,89.15607985480945,179.80288859747648,-90.64680874266705
-1.35127208,91.1978221415608,181.14407159809457,-89.94624945653375
-1.361276414,91.87840290381126,182.48519735745109,-90.60679445363981
-1.3712804710000002,92.55898366606172,183.82628598371755,-91.26730231765582
-1.381287458,94.82758620689656,185.16776738960078,-90.34018118270423
-1.391291255,96.18874773139747,186.5088211617033,-90.32007343030584
-1.4012978600000001,96.64246823956444,187.85025135877646,-91.20778311921201
-1.411301326,98.91107078039929,189.19126075884716,-90.28018997844786
-1.421308008,100.04537205081671,190.53270127811504,-90.48732922729832
-1.4313121180000001,101.17967332123413,191.87379700926877,-90.69412368803465
-1.441318146,102.31397459165154,193.21514985690882,-90.9011752652573
-1.45132407,104.35571687840292,194.55648876288333,-90.20077188448042
-1.461327176,104.5825771324864,195.89744990334242,-91.31487277085601
-1.471333336,106.62431941923775,197.23882044617343,-90.6145010269357
-1.4813370090000002,108.21234119782216,198.57985759552085,-90.3675163976987
-1.491343678,108.21234119782216,199.9212963720805,-91.70895517425834
-1.5013487540000001,110.70780399274048,201.26252159985876,-90.55471760711828
-1.511353761,111.16152450090745,202.6037375778781,-91.44221307697065
-1.521358585,112.0689655172414,203.94492902392818,-91.87596350668679
-1.531362013,114.7912885662432,205.2859333299288,-90.49464476368561
-1.5413684810000001,115.92558983666063,206.62734516153864,-90.70175532487802
-1.551373189,117.05989110707806,207.96852105726944,-90.9086299501914
-1.56137772,119.55535390199638,209.30967322535787,-89.7543193233615
-1.5713843440000002,119.78221415607987,210.6511059694661,-90.86889181338623
-1.581387557,121.37023593466427,211.99208145375417,-90.62184551908992
-1.5913941720000002,123.41197822141562,213.33351299137212,-89.9215347699565
-1.6013983010000001,123.41197822141562,214.6746112695609,-91.26263304814526
-1.611404411,125.00000000000001,216.0159751096681,-91.01597510966808
-1.62140909,127.49546279491834,217.35714711781904,-89.86168432290071
-1.6314141050000002,128.62976406533576,218.69836416827422,-90.06860010293846
-1.641419656,128.4029038112523,220.03965307192888,-91.63674926067661
-1.6514237850000002,131.35208711433756,221.3807513501177,-90.0286642357801
-1.661430681,132.486388384755,222.72222055704353,-90.23583217228851
-1.671434393,133.16696914700546,224.06326293451554,-90.89629378751009
-1.6814400989999998,135.66243194192378,225.40457261661408,-89.74214067469029
-1.691444905,135.88929219600726,226.74576164968363,-90.85646945367635
-1.7014498080000002,137.25045372050818,228.08696368603742,-90.83650996552925
-1.711455105,139.51905626134302,229.428218539855,-89.90916227851197
-1.7214591530000003,139.74591651542653,230.7693059596312,-91.02338944420468
-1.731465824,141.3339382940109,232.1107450042998,-90.77680671028891
-1.741470624,143.1488203266788,233.45193323304244,-90.30311290636367
-1.751475739,145.19056261343013,234.79316368894527,-89.60260107551514
-1.761479951,144.96370235934666,236.13427309365565,-91.17057073430901
-1.771485099,146.77858439201452,237.4755079733562,-90.69692358134166
-1.78149222,149.50090744101635,238.81700734253934,-89.31609990152299
-1.7914954989999998,149.04718693284937,240.15799167442287,-91.1108047415735
-1.8015016220000002,151.7695099818512,241.49935725723833,-89.72984727538712
-1.811506497,152.67695099818513,242.84055554006673,-90.16360454188161
-1.8215109219999999,152.9038112522686,244.18169349838058,-91.27788224611197
-1.831516636,155.62613430127044,245.52300425291497,-89.89686995164455
-1.841521418,156.76043557168785,246.86419006867706,-90.10375449698921
-1.85152742,157.21415607985483,248.20553943090076,-90.99138335104591
-1.8615313170000003,158.57531760435575,249.546606608451,-90.97128900409524
-1.8715378880000002,161.52450090744102,250.8880322476719,-89.36353134023088
-1.881542395,161.978221415608,252.2291811984529,-90.25095978284489
-1.891547397,162.88566243194194,253.57039650619984,-90.68473407425789
-1.901553929,164.47368421052633,254.9118169172962,-90.43813270676986
-1.9115583230000002,165.83484573502724,256.25295071992133,-90.41810498489409
-1.921563912,167.6497277676951,257.5942447176461,-89.94451694995102
-1.931568812,168.55716878402907,258.93544635183645,-90.37827756780739
-1.941573633,169.69147005444648,260.2766373957231,-90.58516734127663
-1.951579282,170.59891107078042,261.61793943671654,-91.01902836593611
-1.9615845630000002,172.6406533575318,262.95919214566254,-90.31853878813072
-1.971590454,173.54809437386572,264.3005266278393,-90.75243225397355
-1.981595065,175.3629764065336,265.6416895202858,-90.27871311375225
-1.9916019700000003,176.95099818511798,266.98315993370204,-90.03216174858406
-2.000005406,177.1778584392015,268.1096781493777,-90.93181971017624
-2.000009636,177.85843920145192,268.1102451998143,-90.25180599836237
-1.990184761,176.27041742286755,266.79317672279643,-90.52275929992888
-1.9801680260000003,174.90925589836664,265.45038855387406,-90.54113265550744
-1.970158863,172.86751361161527,264.1086154454494,-91.24110183383416
-1.9601521280000003,171.50635208711435,262.7671678212943,-91.26081573417999
-1.9501458890000003,169.91833030852996,261.42578668815963,-91.50745637962967
-1.940139952,168.78402903811255,260.0844460394769,-91.30041700136435
-1.9301341840000001,168.55716878402907,258.7431280460008,-90.18595926197173
-1.920128619,165.83484573502724,257.4018372655834,-91.56699153055617
-1.91012383,165.38112522686026,256.06065051144003,-90.67952528457975
-1.9001186989999999,164.47368421052633,254.7194179106655,-90.24573370013917
-1.890113225,161.29764065335755,253.37813932920554,-92.080498675848
-1.8801092860000002,161.75136116152453,252.03706652136736,-90.28570535984286
-1.870103993,160.3901996370236,250.69581220376767,-90.30561256674407
-1.8600987160000002,157.66787658802178,249.35456003103963,-91.68668344301784
-1.8500966570000001,157.21415607985483,248.01373924561764,-90.79958316576281
-1.840089689,155.39927404718694,246.67226038676947,-91.2729863395825
-1.8300860100000003,154.26497277676953,245.3312224330952,-91.06624965632568
-1.8200819070000003,154.491833030853,243.99012764032284,-89.49829460946982
-1.810077128,151.7695099818512,242.64894222672413,-90.87943224487294
-1.800072832,150.4083484573503,241.30782156143772,-90.89947310408745
-1.7900677790000001,149.9546279491833,239.9665994169125,-90.01197146772917
-1.780064043,147.45916515426498,238.62555382213304,-91.16638866786808
-1.7700593990000002,146.55172413793105,237.2843865058888,-90.73266236795773
-1.760054868,145.19056261343013,235.94323433780033,-90.75267172437022
-1.750051696,143.37568058076226,234.60226434974578,-91.2265837689835
-1.740046758,142.01451905626138,233.26105762148532,-91.24653856522396
-1.7300419160000002,141.5607985480944,231.91986376245464,-90.35906521436026
-1.720038479,139.29219600725955,230.57885824996376,-91.2866622427042
-1.7100324020000002,138.38475499092561,229.23749883365434,-90.85274384272873
-1.7000318210000003,137.47731397459168,227.89687618074896,-90.41956220615728
-1.6900254840000002,134.98185117967336,226.55548191027555,-91.57363073060222
-1.6800217960000003,134.3012704174229,225.21444275011103,-90.91317233268816
-1.6700192050000002,133.84754990925592,223.87355064770745,-90.02600073845153
-1.6600133760000002,131.35208711433756,222.53222447690823,-91.18013736257066
-1.6500100610000001,129.7640653357532,221.1912353190635,-91.4271699833103
-1.6400066599999998,129.31034482758622,219.85023463253373,-90.53988980494749
-1.630002046,127.94918330308532,218.50907133792376,-90.55988803483844
-1.619999524,125.68058076225046,217.16818848527907,-91.48760772302862
-1.609994068,125.90744101633395,215.82691231679968,-89.91947130046572
-1.59999149,123.41197822141562,214.48602195710433,-91.07404373568869
-1.589987977,121.59709618874774,213.14500625647318,-91.54791006772543
-1.579983259,121.59709618874774,211.8038290201976,-90.20673283144986
-1.569980991,119.78221415607987,210.46298021739,-90.68076606131012
-1.559975385,118.19419237749547,209.1216839407391,-90.92749156324363
-1.549972927,118.19419237749547,207.7808096675809,-89.58661729008546
-1.5399691070000001,115.69872958257714,206.43975281222546,-90.74102322964832
-1.5299641600000002,114.11070780399275,205.09854487747472,-90.98783707348197
-1.5199624710000001,113.65698729582577,203.75777369220916,-90.10078639638338
-1.509956201,110.93466424682397,202.4163884033857,-91.48172415656173
-1.4999541600000001,110.25408348457351,201.07557003094433,-90.8214865463708
-1.489949089,109.34664246823958,199.73434547343842,-90.38770300519886
-1.479945598,107.07803992740473,198.39333272200582,-91.31529279460108
-1.46994332,105.94373865698729,197.05248257865347,-91.10874392166616
-1.459937218,105.03629764065337,195.7111198109821,-90.67482217032872
-1.449935243,102.76769509981852,194.37031028613617,-91.60261518631765
-1.4399313260000002,101.86025408348459,193.0292404274965,-91.1689863440119
-1.429926759,100.72595281306717,191.68808343344688,-90.9621306203797
-1.4199249820000002,98.91107078039929,190.34730045138738,-91.43622967098808
-1.4099189810000001,98.00362976406535,189.00595122321818,-91.00232145915282
-1.3999166740000002,97.3230490018149,187.66509719228597,-90.34204819047109
-1.389913812,94.3738656987296,186.32416876111918,-91.95030306238958
-1.379909097,93.92014519056262,184.98299192700705,-91.06284673644444
-1.3699061190000001,93.46642468239565,183.642047945521,-90.17562326312533
-1.359900743,90.97096188747732,182.3007825013997,-91.32982061392238
-1.349898837,89.38294010889294,180.9599822263127,-91.57704211741974
-1.339894156,89.60980036297642,179.61880995005276,-90.00900958707635
-1.329890368,87.79491833030853,178.27775738444055,-90.482839054132
-1.319886707,85.75317604355718,176.93672184374685,-91.18354580018969
-1.309882971,84.84573502722324,175.5956762489674,-90.74994122174417
-1.299879818,83.9382940108893,174.25470880794794,-90.31641479705863
-1.2898758760000002,81.89655172413795,172.9136355979463,-91.01708387380836
-1.279871222,81.21597096188749,171.57246694115722,-90.35649597926974
-1.26986791,79.85480943738658,170.23147818547596,-90.37666874808937
-1.259864217,78.26678765880219,168.89043835503904,-90.62365069623684
-1.2498592650000002,76.90562613430127,167.5492297500159,-90.64360361571462
-1.239855949,76.4519056261343,166.20824045811668,-89.75633483198237
-1.229852067,74.41016333938295,164.86717529138363,-90.45701195200068
-1.219848545,73.04900181488203,163.52615838426223,-90.47715656938021
-1.209843921,72.1415607985481,162.18499374910746,-90.04343295055938
-1.199840328,70.32667876588023,160.8439673241182,-90.517288558238
-1.1898357990000001,69.19237749546281,159.50281542413876,-90.31043792867598
-1.179832376,68.28493647912886,158.16181178841055,-89.87687530928167
-1.16982966,66.69691470054447,156.82090292919736,-90.1239882286529
-1.159824812,65.56261343012706,155.47970826583983,-89.91709483571279
-1.149819318,64.20145190562614,154.1384270032903,-89.93697509766416
-1.139818793,62.84029038112523,152.79781185743565,-89.95752147631043
-1.129811069,61.47912885662433,151.45623165340302,-89.97710279677871
-1.11980862,60.11796733212342,150.1153585867351,-89.9973912546117
-1.10980348,58.52994555353903,148.7741247794704,-90.24417922593138
-1.099800247,57.168784029038115,147.43314661409275,-90.26436258505461
-1.089796464,56.488203266787664,146.09209471875292,-89.60389145196525
-1.07979106,54.446460980036306,144.7508255211063,-90.30436454107
-1.069787804,53.08529945553539,143.4098442724757,-90.32454481694032
-1.0597837760000002,52.63157894736843,142.0687595337891,-89.43718058642068
-1.049778813,51.04355716878404,140.7275494541667,-89.68399228538267
-1.03977566,49.001814882032676,139.38658201314723,-90.38476713111457
-1.029770886,47.86751361161525,138.04539726982094,-90.1778836582057
-1.019768036,46.96007259528131,136.7044704473079,-89.7443978520266
-1.0097618640000001,45.82577132486389,135.36309829582316,-89.53732697095927
-0.9997582998000001,44.237749546279495,134.02207573160285,-89.78432618532335
-0.9897536566999999,43.55716878402904,132.68090853600756,-89.12373975197852
-0.9797490619000001,41.96914700544465,131.33974781524353,-89.37060080979889
-0.9697445097,40.381125226860256,129.9985928052002,-89.61746757833994
-0.9597397144,39.92740471869329,128.65740520651357,-88.73000048782028
-0.949734849,38.11252268602541,127.31620821060812,-89.20368552458272
-0.9397315772,36.524500907441016,125.97522484391679,-89.45072393647577
-0.9297259302,35.163339382940116,124.63392307103234,-89.47058368809222
-0.9197223155,34.93647912885663,123.29289373706095,-88.35641460820432
-0.9097157125,33.348457350272234,121.95146380809675,-88.60300645782452
-0.899713467,31.98729582577133,120.61061802151487,-88.62332219574354
-0.8897080143,30.852994555353906,119.26934229541524,-88.41634774006134
-0.8797034363999999,29.264972776769515,117.92818384017185,-88.66321106340234
-0.8696998412000001,27.450090744101633,116.58715712026276,-89.13706637616112
-0.8596952748,26.769509981851183,115.24600020664585,-88.47649022479466
-0.8496893651,25.862068965517242,113.90466321765038,-88.04259425213314
-0.8396841738999999,24.047186932849367,112.5634225467964,-88.51623561394703
-0.8296788572,23.13974591651543,111.22216505210561,-88.08241913559019
-0.8196762109,21.438294010889294,109.88126553648947,-88.44297152560017
-0.8096694973,20.281306715063526,108.53982078110015,-88.25851406603662
-0.7996658751,19.532667876588025,107.19879044172016,-87.66612256513214
-0.789659942,17.309437386569876,105.85745031584993,-88.54801292928006
-0.7796549034,16.65154264972777,104.51623010170911,-87.86468745198134
-0.7696501522,15.653357531760438,103.17504841482491,-87.52169088306448
-0.7596447011,14.065335753176045,101.83377290321246,-87.76843715003642
-0.749640614,12.81760435571688,100.49268024190626,-87.67507588618938
-0.7396356315,12.000907441016336,99.15146754822159,-87.15056010720525
-0.7296311527,9.823049001814883,97.81032237777684,-87.98727337596196
-0.7196257531000001,8.643375680580762,96.46905376996995,-87.82567808938919
-0.7096203418,7.667876588021779,95.12778359372565,-87.45990700570388
-0.6996161228000001,6.420145190562614,93.78667325063397,-87.36652806007136
-0.6896098311,4.71869328493648,92.44528505282837,-87.72659176789189
-0.6796062526,4.696007259528131,91.10426057162901,-86.40825331210088
-0.6696005085,2.518148820326679,89.76294578205487,-87.24479696172818
-0.6595959207000001,1.606170598911071,88.42178599967218,-86.8156154007611
-0.649590671,0.47640653357531765,87.08053748663133,-86.604130953056
-0.6395849838000001,-1.6016333938294012,85.73923032475692,-87.34086371858633
-0.6295807494,-2.5408348457350276,84.39811791722627,-86.9389527629613
-0.6195749139,-3.6297640653357535,83.05679087507296,-86.68655494040871
-0.6095706876,-4.71869328493648,81.7156795533836,-86.43437283832007
-0.5995648731000001,-5.762250453720508,80.3743553263743,-86.13660578009481
-0.5895610245,-6.737749546279493,79.03329463706079,-85.77104418334028
-0.5795555014,-8.734119782214158,77.692009473526,-86.42612925574015
-0.5695512034000001,-10.049909255898367,76.35088854013067,-86.40079779602904
-0.5595457694,-10.639745916515428,75.00961532084975,-85.64936123736517
-0.5495407314,-12.704174228675138,73.66839518714161,-86.37256941581676
-0.5395366580000001,-13.770417422867515,72.32730436238175,-86.09772178524926
-0.5295304906,-14.405626134301272,70.9859328275476,-85.39155896184887
-0.5195254405,-16.696914700544465,69.64471107178032,-86.34162577232479
-0.5095206765,-17.604355716878406,68.30352766899881,-85.90788338587721
-0.4995160018,-18.715970961887482,66.96235623728208,-85.67832719916956
-0.48951144160000004,-20.258620689655174,65.62120015480293,-85.87982084445811
-0.479505599,-21.09800362976407,64.27987216086284,-85.3778757906269
-0.4695019761,-22.323049001814887,62.93884172764472,-85.2618907294596
-0.45949587030000005,-23.82032667876588,61.597478450566356,-85.41780512933224
-0.44949173060000003,-24.500907441016338,60.256378737994666,-84.757286179011
-0.4394870632,-26.08892921960073,58.91520828487562,-85.00413750447635
-0.42948244370000005,-27.450090744101633,57.574044252966004,-85.02413499706765
-0.4194775425,-28.357531760435577,56.23284245791029,-84.59037421834586
-0.4094727386,-29.94555353901997,54.891653706355164,-84.83720724537514
-0.399467523,-31.306715063520876,53.550409764571974,-84.85712482809285
-0.3894620325,-32.667876588021784,52.20912897121313,-84.8770055592349
-0.3794571165,-33.348457350272234,50.86792519215117,-84.2163825424234
-0.36945388520000005,-35.163339382940116,49.52694725466615,-84.69028663760626
-0.3594477117,-36.524500907441016,48.185574902099695,-84.71007580954071
-0.34944333120000004,-37.431941923774964,46.84444290921002,-84.27638483298497
-0.33943881280000004,-39.019963702359355,45.503292430208006,-84.52325613256735
-0.3294345871,-39.92740471869329,44.162181188951315,-84.0895859076446
-0.31942916070000005,-41.2885662431942,42.82090898848444,-84.10947523167864
-0.3094272388,-43.10344827586208,41.480106581931224,-84.5835548577933
-0.299420842,-43.33030852994556,40.13870429500013,-83.4690128249457
-0.2894138697,-44.237749546279495,38.79722485971767,-83.03497440599718
-0.2794105974,-46.27949183303086,37.45624142599911,-83.73573325902997
-0.2694064163,-46.73321234119783,36.11513616357208,-82.84834850476992
-0.25939926690000004,-48.77495462794919,34.773632987241804,-83.548587615191
-0.24939642560000003,-49.682395644283126,33.432707331002696,-83.11510297528584
-0.23939248840000002,-50.81669691470055,32.091634764462555,-82.90833167916311
-0.22938691,-52.17785843920146,30.7503421877152,-82.92820062691665
-0.21938099350000004,-53.312159709618875,29.40900428714928,-82.72116399676815
-0.2093784549,-53.99274047186933,28.068119209200276,-82.06085968106962
-0.19937355510000002,-56.0344827586207,26.726917601820837,-82.76140036044153
-0.1893670244,-57.62250453720509,25.385497364995302,-83.00800190220039
-0.1793645938,-58.75680580762251,24.044626764929788,-82.8014325725523
-0.16935932880000001,-59.66424682395645,22.70337620085545,-82.36762302481189
-0.15935376280000002,-60.57168784029039,21.36208528638361,-81.933773126674
-0.1493497198,-62.61343012704175,20.020998536879826,-82.63442866392158
-0.13934611090000001,-63.2940108892922,18.679969980424392,-81.97398086971658
-0.12934200290000003,-64.65517241379311,17.338874517379622,-81.99404693117275
-0.11933523230000001,-65.56261343012706,15.99742212088512,-81.56003555101216
-0.10933342310000001,-66.92377495462796,14.656634822271444,-81.5804097768994
-0.09932910469,-67.6043557168784,13.315511152824225,-80.91986686970263
-0.08932277471,-68.96551724137932,11.97411782341326,-80.93963506479258
-0.07931823896,-70.7803992740472,10.63296501856607,-81.41336429261327
-0.06931567399,-71.68784029038113,9.292076405600524,-80.97991669598166
-0.05931026876,-72.82214156079856,7.950807043066908,-80.77294860386547
-0.04930324777,-73.95644283121598,6.609321080671981,-80.56576391188796
-0.03930182707,-75.54446460980037,5.268585862222515,-80.81305047202288
-0.0292955723,-76.22504537205081,3.927202615048744,-80.15224798709956
-0.01928729381,-77.58620689655173,2.5855480791493344,-80.17175497570106
-0.009287388427,-79.17422867513612,1.2450159957273763,-80.4192446708635
0.0007158470725000001,-79.85480943738658,-0.09596250471942439,-79.75884693266715
0.01072256452,-32.667876588021784,-1.4374077758833501,-31.23046881213843
0.020724857670000003,75.0907441016334,-2.7782599501610363,77.86900405179443
0.03072830525,74.86388384754993,-4.119266880948287,78.98315072849822
0.040734805980000004,73.95644283121598,-5.460683100161154,79.41712593137713
0.05073716977000001,71.68784029038113,-6.801544744047076,78.48938503442822
0.06074172757,71.00725952813069,-8.142700504795476,79.14996003292616
0.07074609025,69.87295825771326,-9.48383010883438,79.35678836654765
0.08074974267,68.96551724137932,-10.824864499340643,79.79038174071997
0.09075260849000001,66.92377495462796,-12.165793442595518,79.08956839722347
0.10075631620000002,66.47005444646099,-13.5068352449738,79.97688969143478
0.1107632942,64.8820326678766,-14.848315444366772,79.73034811224338
0.12076525460000001,64.65517241379311,-16.18912301201733,80.84429542581044
0.13076877520000002,63.06715063520872,-17.530139731462473,80.5972903666712
0.1407747548,61.25226860254084,-18.871486090865883,80.12375469340672
0.15077766780000001,60.57168784029039,-20.212421358810964,80.78410919910135
0.1607814885,59.43738656987296,-21.55347830800457,80.99086487787754
0.17078487090000002,58.303085299455546,-22.89447650112103,81.19756180057658
0.18079063750000002,56.94192377495463,-24.235794306920898,81.17771808187554
0.1907931525,55.35390199637024,-25.576676221184243,80.93057821755448
0.200796752,55.12704174228676,-26.9177035175276,82.04474525981435
0.21080248029999998,52.40471869328494,-28.259016189041006,80.66373488232594
0.22080508470000001,52.17785843920146,-29.599910087774575,81.77776852697603
0.23080857470000002,50.81669691470055,-30.940922705152733,81.75761961985329
0.2408127173,49.45553539019964,-32.282022806482395,81.73755819668204
0.25081786980000004,48.77495462794919,-33.62325828942811,82.3982129173773
0.2608175895,47.1869328493648,-34.96376548121266,82.15069833057746
0.2708241763,45.37205081669693,-36.30519323849434,81.67724405519127
0.2808282703,44.01088929219601,-37.64628682477644,81.65717611697245
0.29083192890000004,43.33030852994556,-38.987322043739375,82.31763057368494
0.3008371436,41.96914700544465,-40.32856586487353,82.29771287031818
0.310839912,40.607985480943746,-41.66948174854128,82.27746722948503
0.3208432507,39.47368421052632,-43.01047408347711,82.48415829400344
0.3308475708,38.793103448275865,-44.35159797947639,83.14470142775225
0.3408503426,36.97822141560799,-45.69251431892936,82.67073573453736
0.35085483250000005,35.617059891107075,-47.033660977378794,82.65072086848588
0.36085873510000005,34.70961887477314,-48.37472890563405,83.08434778040719
0.37086207390000003,33.12159709618875,-49.715721253975325,82.83731835016408
0.38086725990000003,31.760435571687843,-51.056961227746,82.81739679943385
0.3908684739,30.852994555353906,-52.39766873713513,83.25066329248902
0.4008743712,30.172413793103452,-53.739004063855106,83.91141785695855
0.4108769522,28.13067150635209,-55.07989482571391,83.210566332066
0.42088075010000003,26.996370235934666,-56.42094871846545,83.41731895440012
0.43088576359999997,25.862068965517242,-57.76216556783889,83.62423453335613
0.4408875448,24.954627949183305,-59.10294911292721,84.05757706211052
0.45089294389999995,23.5934664246824,-60.444217653706886,84.03768407838929
0.46089576239999996,22.481851179673324,-61.78514025350392,84.26699143317724
0.4709011048,21.05263157894737,-63.12640119339477,84.17903277234214
0.4809032153,19.963702359346644,-64.46722888262228,84.43093124196893
0.4909074198,17.332123411978223,-65.80833728192405,83.14046069390228
0.500911468,17.05989110707804,-67.14942472851111,84.20931583558915
0.5109150108,16.40199637023594,-68.49044442396564,84.89244079420158
0.5209191046,14.292196007259529,-69.83153798343683,84.12373399069637
0.5309215781,12.81760435571688,-71.1724143344394,83.99001869015628
0.5409273961000001,12.545372050816699,-72.51373903063939,85.05911108145608
0.5509283213,11.138838475499092,-73.85440782509562,84.99324630059472
0.5609342193000001,9.86842105263158,-75.19574324565374,85.06416429828532
0.5709358368999999,8.371143375680582,-76.53650485942966,84.90764823511023
0.5809408631,6.647005444646099,-77.87772341129498,84.52472885594108
0.5909444451000001,6.48820326678766,-79.21874836168499,85.70695162847265
0.6009481875000001,4.85480943738657,-80.55979481441308,85.41460425179964
0.6109519945,2.9945553539019967,-81.90084992706034,84.89540528096234
0.6209546607,2.13929219600726,-83.24175211036057,85.38104430636783
0.6309599036,1.2772232304900184,-84.58299971183098,85.860222942321
0.6409623938,-0.8348457350272234,-85.92387830154328,85.08903256651607
0.650966555,-0.9913793103448277,-87.26498089628623,86.2736015859414
0.6609709383000001,-3.153357531760436,-88.60611326452845,85.45275573276801
0.6709722999,-4.038112522686026,-89.94684056035832,85.9087280376723
0.6809786042,-6.238656987295826,-91.28823044725033,85.04957345995452
0.6909805052,-6.78312159709619,-92.62903005206496,85.84590845496876
0.7009850778000001,-7.735934664246825,-93.97018779681963,86.2342531325728
0.710988376,-9.11978221415608,-95.31117470254914,86.19139248839306
0.7209918126,-9.86842105263158,-96.65218016141824,86.78375910878667
0.7309968004,-10.957350272232306,-97.99339356559165,87.03604329335934
0.7409990866,-13.021778584392017,-99.33424480819072,86.3124662237987
0.7510049649,-14.201451905626136,-100.67557758787564,86.47412568224951
0.7610084623,-14.768602540834848,-102.01659119725691,87.24798865642207
0.7710122354000001,-16.81034482758621,-103.35764176545743,86.54729693787122
0.7810163868,-18.262250453720508,-104.69874304646648,86.43649259274598
0.7910180057,-19.192377495462797,-106.03950483451324,86.84712733905043
0.8010235117000001,-20.32667876588022,-107.38078770571649,87.05410893983625
0.8110271875,-21.80127041742287,-108.72182523041641,86.92055481299354
0.8210316458,-23.5934664246824,-110.06296765274436,86.46950122806196
0.8310341886,-23.5934664246824,-111.40385329372216,87.81038686903977
0.8410395076999999,-25.408348457350275,-112.7451111101437,87.33676265279342
0.8510431048000001,-27.67695099818512,-114.08613808475633,86.40918708657122
0.8610467287,-27.450090744101633,-115.42716865202891,87.97707790792728
0.8710522612000001,-29.038112522686028,-116.76845507567579,87.73034255298975
0.8810541664000001,-31.07985480943739,-118.10925524351923,87.02940043408184
0.8910597245000001,-31.98729582577133,-119.4505450989607,87.46324927318939
0.9010634502000001,-33.348457350272234,-120.79158931297901,87.44313196270679
0.9110673334,-34.70961887477314,-122.1326546405774,87.42303576580426
0.9210723518999999,-36.07078039927405,-123.47387216022322,87.40309176094918
0.9310762853000001,-37.205081669691474,-124.81494421735637,87.6098625476649
0.9410812008000001,-38.3393829401089,-126.15614792939111,87.8167649892822
0.9510849016,-39.92740471869329,-127.49718880545295,87.56978408675965
0.9610882751,-41.06170598911071,-128.83818580548456,87.77647981637384
0.9710936262,-42.42286751361162,-130.17944791164933,87.75658039803773
0.9810969660000001,-43.55716878402904,-131.52044039404512,87.96327161001608
0.9911018382000001,-43.55716878402904,-132.861638301521,89.30446951749195
1.001105897,-46.05263157894737,-134.20272716908548,88.15009559013812
1.011110645,-47.1869328493648,-135.5439084269954,88.35697557763056
1.02111489,-48.5480943738657,-136.88502225550346,88.33692788163775
1.031118664,-50.36297640653358,-138.226072944353,87.86309653781942
1.041123998,-50.58983666061707,-139.56733275818624,88.97749609756917
1.051128702,-52.17785843920146,-140.9085081176991,88.73064967849766
1.061132624,-54.446460980036306,-142.24957864661124,87.80311766657493
1.071137738,-54.446460980036306,-143.59080896845958,89.14434798842329
1.081142308,-55.807622504537214,-144.9319663646726,89.1243438601354
1.0911471830000001,-57.3956442831216,-146.27316464750106,88.87752036437945
1.1011492260000002,-58.52994555353903,-147.61398328805137,89.08403773451235
1.1111571690000002,-59.89110707803994,-148.9555928500144,89.06448577197445
1.1211607900000002,-61.70598911070781,-150.296623028529,88.59063391782122
1.131164562,-62.38656987295827,-151.63767344926956,89.2511035763113
1.14117065,-62.84029038112523,-152.9790343401783,90.13874395905306
1.1511748640000001,-65.33575317604357,-154.3201440129976,88.98439083695402
1.161178896,-66.47005444646099,-155.6612292879021,89.19117484144111
1.171184835,-68.51179673321235,-157.00257020469377,88.49077347148142
1.181188488,-69.64609800362977,-158.3436046729516,88.69750666932184
1.191193723,-70.7803992740472,-159.68485121539166,88.90445194134446
1.201198858,-71.00725952813069,-161.026084352384,90.01882482425333
1.211202866,-73.50272232304901,-162.3671664099811,88.86444408693211
1.221208163,-74.63702359346644,-163.70842126379873,89.0713976703323
1.231213552,-75.31760435571688,-165.04968845062817,89.73208409491129
1.241218291,-77.58620689655173,-166.39086850204777,88.80466160549602
1.251223355,-77.58620689655173,-167.7320921211723,90.14588522462057
1.261227107,-79.62794918330309,-169.07313986082335,89.44519067752024
1.271231952,-81.66969147005446,-170.41433412201744,88.74464265196299
1.281237768,-81.44283121597097,-171.75565855010848,90.31282733413751
1.291241979,-83.48457350272233,-173.09676782076434,89.612194318042
1.301247128,-85.5263157894737,-174.43800283451938,88.9116870450457
1.3112519759999999,-85.98003629764067,-175.77919749787694,89.79916120023627
1.3212578970000002,-87.79491833030853,-177.120536001688,89.32561767137949
1.331262533,-89.15607985480945,-178.4617022454965,89.30562239068705
1.34126725,-89.38294010889294,-179.8028793477176,90.41993923882465
1.351271743,-92.10526315789474,-181.1440264217359,89.03876326384116
1.361277858,-92.33212341197823,-182.48539093211545,90.15326752013722
1.371281889,-93.46642468239565,-183.82647607296553,90.36005139056988
1.381287201,-95.7350272232305,-185.16773293760025,89.43270571436975
1.391293198,-96.64246823956444,-186.5090816295516,89.86661338998715
1.401297505,-98.00362976406535,-187.85020376943723,89.84657400537188
1.411303024,-100.04537205081671,-189.19148838334863,89.14611633253193
1.421308626,-100.49909255898368,-190.53278412378165,90.03369156479798
1.431313075,-101.6333938294011,-191.87392529940297,90.24053147000188
1.4413184700000001,-104.35571687840292,-193.2151932905593,88.8594764121564
1.451322596,-104.80943738656988,-194.55629116658466,89.74685378001476
1.461328651,-106.62431941923775,-195.8976476336956,89.27332821445786
1.471333197,-107.5317604355717,-197.2388018126012,89.70704137702948
1.481337847,-108.21234119782216,-198.57996993317232,90.36762873535017
1.4913440210000002,-110.02722323049002,-199.92134235276606,89.89411912227602
1.5013485020000001,-111.16152450090745,-201.2624878181306,90.10096331722316
1.5113538880000001,-112.29582577132487,-202.60375460279664,90.30792883147178
1.5213579400000001,-114.33756805807623,-203.94484255879073,89.6072745007145
1.5313645370000002,-114.56442831215972,-205.28627168342808,90.72184337126835
1.5413673030000001,-115.92558983666063,-206.6271872453651,90.70159740870444
1.551373915,-118.42105263157896,-207.96861838081958,89.5475657492406
1.561378443,-118.19419237749547,-209.30977014674454,91.11557776924906
1.571383009,-120.00907441016335,-210.65092700673964,90.64185259657629
1.581389553,-122.2776769509982,-211.9923490264897,89.7146720754915
1.591392801,-122.05081669691471,-213.33332920268452,91.2825125057698
1.6013986020000002,-123.86569872958259,-214.6746516199584,90.8089528903758
1.611404384,-126.36116152450091,-216.01597149019722,89.65480996569629
1.621409349,-126.81488203266788,-217.35718183792852,90.54229980526063
1.631413963,-128.62976406533576,-218.6983451325385,90.06858106720273
1.6414183900000001,-130.67150635208714,-220.03948335896138,89.36797700687426
1.651424517,-131.35208711433756,-221.38084947799462,90.02876236365702
1.6614292050000001,-132.71324863883848,-222.7220226926359,90.00877405379742
1.6714334910000002,-134.3012704174229,-224.06314201737754,89.76187159995465
1.6814401460000001,-134.0744101633394,-225.40457891717455,91.33016875383515
1.6914445790000003,-136.79673321234122,-226.74571794792425,89.94898473558304
1.701449522,-137.93103448275863,-228.0869253464571,90.15589086369845
1.7114538570000002,-138.61161524500906,-229.42805123986807,90.81643599485899
1.7214595529999999,-140.88021778584394,-230.76935958142184,89.88914179557788
1.7314634440000003,-141.5607985480944,-232.11042595464522,90.54962740655084
1.7414706640000002,-142.92196007259528,-233.45193859522155,90.52997852262625
1.7514746360000002,-145.19056261343013,-234.79301582685747,89.60245321342734
1.761479006,-145.6442831215971,-236.13414641217514,90.48986329057801
1.7714853950000002,-146.09800362976407,-237.47554765348136,91.37754402371729
1.781489719,-148.59346642468242,-238.81667207229304,90.22320564761063
1.7914960670000002,-149.9546279491833,-240.15806781736572,90.20343986818241
1.8014987690000002,-151.5426497277677,-241.49897479981618,89.95632507204849
1.8115064040000002,-152.9038112522686,-242.8405430730004,89.93673182073178
1.8215101180000002,-153.81125226860254,-244.18158571858135,90.37033344997879
1.8315158169999999,-155.17241379310346,-245.52289446229852,90.35048066919508
1.8415206910000002,-156.76043557168785,-246.86409261107252,90.10365703938467
1.851526343,-157.44101633393834,-248.2053950542293,90.76437872029099
1.8615313160000002,-159.48275862068968,-249.5466064743965,90.06384785370683
1.871536002,-160.8439201451906,-250.88777942092878,90.0438592757382
1.881541243,-161.52450090744102,-252.2290267676957,90.70452586025468
1.8915469130000002,-163.11252268602541,-253.5703316238331,90.4578089378077
1.9015511250000001,-165.60798548094377,-254.91144102854346,89.30345554759971
1.911557734,-165.83484573502724,-256.2528717618345,90.41802602680727
1.921562605,-167.6497277676951,-257.59406950844505,89.94434174074993
1.931568149,-169.01088929219603,-258.9353574737184,89.92446818152237
1.941571635,-169.464609800363,-260.2763695548786,90.81175975451562
1.9515774620000002,-171.50635208711435,-261.6176954575689,90.11134337045456
1.961582965,-172.86751361161527,-262.95897792660867,90.09146431499343
1.9715887900000002,-173.54809437386572,-264.30030356119,90.75220918732428
1.981593275,-174.90925589836664,-265.6414495627725,90.73219366440586
1.9915987389999998,-177.63157894736844,-266.9827268036877,89.35114785631923
2.000009822,-178.3121597096189,-268.1102701339469,89.79811042432802
