Field [T],Moment (m) [emu],Moment (m) [emu]_lin-part,Moment (m) [emu]_y-lin-subtract
2.000020798,-7.81e-05,-0.00011818365566020141,4.0083655660201414e-05
1.9901690050000003,-7.75e-05,-0.00011760150125825127,4.010150125825127e-05
1.9801555069999999,-7.7e-05,-0.00011700979151164784,4.000979151164784e-05
1.9701468850000001,-7.62e-05,-0.0001164183698938007,4.02183698938007e-05
1.9601403750000002,-7.61e-05,-0.00011582707307659613,3.972707307659612e-05
1.950134076,-7.53e-05,-0.00011523578872763755,3.993578872763755e-05
1.940128757,-7.45e-05,-0.00011464456228806807,4.014456228806808e-05
1.93012296,-7.4e-05,-0.0001140533076028986,4.00533076028986e-05
1.920118838,-7.39e-05,-0.00011346215189551147,3.956215189551148e-05
1.9101132490000001,-7.27e-05,-0.00011287090950131438,4.017090950131438e-05
1.9001082880000002,-7.23e-05,-0.00011227970421639928,3.997970421639928e-05
1.89010493,-7.15e-05,-0.00011168859365469914,4.018859365469913e-05
1.880099153,-7.08e-05,-0.00011109734015135394,4.029734015135394e-05
1.8700949740000001,-7.03e-05,-0.00011050618107576766,4.020618107576766e-05
1.860091567,-7.02e-05,-0.00010991506761859808,3.971506761859808e-05
1.850086092,-6.94e-05,-0.0001093238319607993,3.992383196079929e-05
1.840082985,-6.87e-05,-0.00010873273623099372,4.003273623099372e-05
1.830079308,-6.82e-05,-0.00010814160681919653,3.9941606819196524e-05
1.820073839,-6.76e-05,-0.00010755037151594504,3.995037151594504e-05
1.8100699830000002,-6.68e-05,-0.00010695923152682068,4.0159231526820685e-05
1.800067039,-6.65e-05,-0.00010636814542888287,3.986814542888286e-05
1.790062081,-6.6e-05,-0.00010577694032124139,3.9776940321241384e-05
1.7800589380000003,-6.51e-05,-0.00010518584246415214,4.0085842464152144e-05
1.7700538820000002,-6.46e-05,-0.00010459463156557177,3.999463156557177e-05
1.7600514480000002,-6.4e-05,-0.00010400357560415276,4.0003575604152764e-05
1.750046417,-6.34e-05,-0.0001034123661828527,4.00123661828527e-05
1.740042322,-6.29e-05,-0.00010282121207092833,3.9921212070928336e-05
1.7300397840000001,-6.22e-05,-0.00010223014996402315,4.0030149964023155e-05
1.7200334750000004,-6.1e-05,-0.00010163886502415246,4.0638865024152466e-05
1.7100312979999999,-6.08e-05,-0.00010104782424917527,4.024782424917527e-05
1.7000280380000001,-6.07e-05,-0.00010045671947841406,3.9756719478414065e-05
1.6900226090000001,-5.98e-05,-9.98654865388111e-05,4.006548653881111e-05
1.6800196360000001,-5.92e-05,-9.927439872722811e-05,4.007439872722811e-05
1.6700155490000002,-5.88e-05,-9.868324508803345e-05,3.988324508803345e-05
1.660011839,-5.82e-05,-9.809211372622623e-05,3.989211372622623e-05
1.650008546,-5.76e-05,-9.750100700545496e-05,3.990100700545496e-05
1.640004551,-5.69e-05,-9.690985880265193e-05,4.0009858802651934e-05
1.63000026,-5.66e-05,-9.631869310884976e-05,3.9718693108849755e-05
1.619996076,-5.54e-05,-9.572753373780741e-05,4.032753373780741e-05
1.609993536,-5.51e-05,-9.513647151271978e-05,4.0036471512719786e-05
1.5999885990000002,-5.47e-05,-9.454526764599381e-05,3.984526764599381e-05
1.589985967,-5.37e-05,-9.395419998451456e-05,4.025419998451456e-05
1.579982776,-5.35e-05,-9.336309929104704e-05,3.9863099291047045e-05
1.569978332,-5.31e-05,-9.277192455628923e-05,3.967192455628923e-05
1.559975748,-5.23e-05,-9.218085973118823e-05,3.9880859731188236e-05
1.5499699290000002,-5.17e-05,-9.158960374601208e-05,3.988960374601208e-05
1.53996687,-5.13e-05,-9.099851085258472e-05,3.969851085258472e-05
1.5299634990000002,-5.02e-05,-9.040739952269884e-05,4.0207399522698836e-05
1.51995841,-5e-05,-8.98161866741084e-05,3.98161866741084e-05
1.509957229,-4.97e-05,-8.922520475397972e-05,3.952520475397972e-05
1.49995111,-4.89e-05,-8.863393104143956e-05,3.9733931041439556e-05
1.489948803,-4.81e-05,-8.804288258460465e-05,3.9942882584604655e-05
1.479944745,-4.78e-05,-8.745173065905518e-05,3.9651730659055175e-05
1.4699411190000002,-4.71e-05,-8.686060426090988e-05,3.976060426090988e-05
1.459937811,-4.7e-05,-8.626949665377041e-05,3.926949665377041e-05
1.44993334,-4.6e-05,-8.567832032354983e-05,3.967832032354983e-05
1.439930208,-4.54e-05,-8.508722311646392e-05,3.9687223116463925e-05
1.429926202,-4.53e-05,-8.449607426365755e-05,3.919607426365754e-05
1.4199228970000002,-4.43e-05,-8.390496683379173e-05,3.9604966833791726e-05
1.4099191590000002,-4.36e-05,-8.331383381743053e-05,3.9713833817430524e-05
1.3999151140000001,-4.35e-05,-8.272268266006683e-05,3.922268266006683e-05
1.389912687,-4.26e-05,-8.213162711228633e-05,3.9531627112286326e-05
1.379908108,-4.19e-05,-8.15404444002147e-05,3.96404444002147e-05
1.36990421,-4.16e-05,-8.094930192925937e-05,3.934930192925937e-05
1.3599010070000002,-4.12e-05,-8.035820052669732e-05,3.915820052669732e-05
1.349896395,-4.01e-05,-7.976701586461565e-05,3.966701586461565e-05
1.3398936760000002,-3.99e-05,-7.917594306220085e-05,3.9275943062200854e-05
1.329889339,-3.94e-05,-7.858477465020285e-05,3.9184774650202846e-05
1.319885542,-3.87e-05,-7.799363814746006e-05,3.929363814746006e-05
1.309882991,-3.79e-05,-7.74025752723691e-05,3.9502575272369104e-05
1.299878251,-3.77e-05,-7.681138304661214e-05,3.9111383046612135e-05
1.289873713,-3.65e-05,-7.622020275728026e-05,3.972020275728026e-05
1.279871194,-3.61e-05,-7.562914177310812e-05,3.952914177310812e-05
1.2698672860000002,-3.56e-05,-7.503799871124067e-05,3.943799871124067e-05
1.259863229,-3.52e-05,-7.444684684478241e-05,3.9246846844782405e-05
1.249858974,-3.43e-05,-7.38556832782639e-05,3.95556832782639e-05
1.2398554190000002,-3.4e-05,-7.326456107559477e-05,3.926456107559477e-05
1.2298509800000001,-3.34e-05,-7.267338663629301e-05,3.927338663629301e-05
1.219847145,-3.29e-05,-7.20822478880841e-05,3.91822478880841e-05
1.209843833,-3.23e-05,-7.14911400445798e-05,3.91911400445798e-05
1.199839603,-3.2e-05,-7.089997795534163e-05,3.889997795534163e-05
1.189836713,-3.09e-05,-7.030889504832935e-05,3.940889504832935e-05
1.1798314010000002,-3.05e-05,-6.971766902239835e-05,3.9217669022398354e-05
1.169829524,-3e-05,-6.912664597478518e-05,3.912664597478518e-05
1.159822468,-2.91e-05,-6.853531689377811e-05,3.943531689377811e-05
1.1498203770000002,-2.89e-05,-6.79442812006453e-05,3.90442812006453e-05
1.139815824,-2.83e-05,-6.735310002494521e-05,3.9053100024945216e-05
1.12981202,-2.77e-05,-6.676196310856392e-05,3.906196310856393e-05
1.1198077450000001,-2.69e-05,-6.617079836022118e-05,3.9270798360221176e-05
1.109803903,-2.67e-05,-6.557965919837379e-05,3.887965919837379e-05
1.099798639,-2.61e-05,-6.498843600882103e-05,3.888843600882103e-05
1.089794442,-2.51e-05,-6.439727586959292e-05,3.9297275869592917e-05
1.0797917670000001,-2.51e-05,-6.38062056671915e-05,3.8706205667191494e-05
1.069786229,-2.44e-05,-6.321496628664627e-05,3.881496628664628e-05
1.059783073,-2.35e-05,-6.262386766137124e-05,3.912386766137124e-05
1.049777522,-2.32e-05,-6.203262751264026e-05,3.8832627512640256e-05
1.039774524,-2.28e-05,-6.144153822377693e-05,3.864153822377693e-05
1.02976998,-2.18e-05,-6.0850357579897775e-05,3.9050357579897774e-05
1.0197657390000001,-2.14e-05,-6.025919484065628e-05,3.885919484065628e-05
1.0097604530000002,-2.08e-05,-5.966797035109683e-05,3.886797035109683e-05
0.9997561305,-2.03e-05,-5.907680279592142e-05,3.8776802795921424e-05
0.9897521443,-1.98e-05,-5.848565511312107e-05,3.868565511312107e-05
0.9797469531999999,-1.92e-05,-5.7894436231317763e-05,3.8694436231317764e-05
0.9697431002,-1.84e-05,-5.730329641946703e-05,3.890329641946703e-05
0.9597385245,-1.81e-05,-5.671211390239642e-05,3.861211390239642e-05
0.9497331222000002,-1.75e-05,-5.612088254052887e-05,3.862088254052887e-05
0.9397295363,-1.69e-05,-5.552975851194121e-05,3.86297585119412e-05
0.9297244321000001,-1.65e-05,-5.493854476516435e-05,3.843854476516435e-05
0.9197189560000001,-1.58e-05,-5.4347309042365246e-05,3.854730904236525e-05
0.9097163973000001,-1.53e-05,-5.375624571227194e-05,3.845624571227194e-05
0.8997099899000001,-1.49e-05,-5.3164954957825844e-05,3.826495495782584e-05
0.8897074403,-1.41e-05,-5.257389216546258e-05,3.847389216546258e-05
0.8797015166,-1.34e-05,-5.198262999343638e-05,3.8582629993436377e-05
0.8696976229000001,-1.3e-05,-5.1391487776573266e-05,3.839148777657327e-05
0.8596917606000001,-1.26e-05,-5.080022923274757e-05,3.820022923274757e-05
0.8496864157,-1.16e-05,-5.0209001262715653e-05,3.860900126271565e-05
0.8396825262000001,-1.15e-05,-4.9617859294035635e-05,3.8117859294035633e-05
0.8296767867000001,-1.07e-05,-4.9026608006610934e-05,3.832660800661093e-05
0.8196735304,-1.01e-05,-4.84355034544872e-05,3.83355034544872e-05
0.8096670902,-1e-05,-4.784421076184931e-05,3.784421076184931e-05
0.7996625923,-8.92e-06,-4.725303284207509e-05,3.833303284207509e-05
0.7896585466000001,-8.39e-06,-4.6661881643347554e-05,3.8271881643347554e-05
0.779651564,-8.13e-06,-4.607055689963555e-05,3.794055689963555e-05
0.7696490844,-7.32e-06,-4.547949824365722e-05,3.815949824365722e-05
0.7596429001000001,-6.99e-06,-4.488822067246083e-05,3.789822067246083e-05
0.7496391895,-6.44e-06,-4.4297089275198866e-05,3.785708927519887e-05
0.7396339084000001,-5.88e-06,-4.370586507518637e-05,3.782586507518637e-05
0.72962867,-5.3e-06,-4.311464339836867e-05,3.781464339836867e-05
0.7196245394,-4.7e-06,-4.2523487182797115e-05,3.7823487182797116e-05
0.7096189579000001,-3.86e-06,-4.193224523178412e-05,3.807224523178412e-05
0.6996140482000001,-3.52e-06,-4.1341042978248255e-05,3.7821042978248255e-05
0.6896086501,-3.02e-06,-4.074981186456379e-05,3.772981186456379e-05
0.6796042389000001,-2.27e-06,-4.015863906799777e-05,3.7888639067997774e-05
0.6695991785000001,-1.99e-06,-3.956742790941605e-05,3.757742790941605e-05
0.6595933656,-1.22e-06,-3.897617228469628e-05,3.7756172284696284e-05
0.6495900676999999,-7.48e-07,-3.838506527437807e-05,3.763706527437807e-05
0.6395832812,-1.59e-07,-3.7793752118453e-05,3.7634752118453e-05
0.6295795225,4.95e-07,-3.7202617878903695e-05,3.7697617878903696e-05
0.6195742414000001,8.94e-07,-3.661139367889119e-05,3.750539367889119e-05
0.6095686244,1.6e-06,-3.6020149630140124e-05,3.762014963014012e-05
0.5995656762,2.25e-06,-3.542906328401922e-05,3.767906328401922e-05
0.5895578804,2.45e-06,-3.483769048733253e-05,3.728769048733253e-05
0.5795549746,3.25e-06,-3.4246606646679075e-05,3.749660664667907e-05
0.5695492349000001,4e-06,-3.365535534743614e-05,3.765535534743614e-05
0.5595451724,4.31e-06,-3.30642031559762e-05,3.73742031559762e-05
0.5495392325,4.99e-06,-3.247294002667235e-05,3.746294002667235e-05
0.5395355749,5.55e-06,-3.1881811761244705e-05,3.7431811761244705e-05
0.5295292013,6.04e-06,-3.1290523004081626e-05,3.733052300408162e-05
0.5195245967000001,6.62e-06,-3.069933877927494e-05,3.7319338779274944e-05
0.5095207073,6.95e-06,-3.0108196816504043e-05,3.705819681650404e-05
0.4995145441,7.79e-06,-2.951692049213225e-05,3.730692049213225e-05
0.4895107891,8.19e-06,-2.8925786471220426e-05,3.7115786471220424e-05
0.47950485740000004,8.66e-06,-2.833452382646452e-05,3.699452382646452e-05
0.469500994,9.28e-06,-2.774338340006517e-05,3.702338340006517e-05
0.4594962132,9.76e-06,-2.71521887633867e-05,3.69121887633867e-05
0.44949014900000006,1.05e-05,-2.656091828904503e-05,3.706091828904503e-05
0.4394872331,1.09e-05,-2.5969833851570313e-05,3.6869833851570314e-05
0.4294814061,1.14e-05,-2.537857739366445e-05,3.677857739366445e-05
0.4194775242,1.23e-05,-2.478743587407765e-05,3.7087435874077655e-05
0.40947065990000003,1.25e-05,-2.4196118120856185e-05,3.6696118120856184e-05
0.3994675938,1.31e-05,-2.360502480788123e-05,3.670502480788123e-05
0.389462238,1.37e-05,-2.301379619375509e-05,3.671379619375509e-05
0.3794567131,1.43e-05,-2.242255758730477e-05,3.672255758730477e-05
0.3694535863,1.47e-05,-2.1831460687493167e-05,3.6531460687493165e-05
0.3594471898,1.54e-05,-2.12401705771413e-05,3.66401705771413e-05
0.3494433725,1.56e-05,-2.0649032874846886e-05,3.6249032874846886e-05
0.3394381144,1.62e-05,-2.0057810033932286e-05,3.625781003393229e-05
0.3294337188,1.7e-05,-1.9466638159189195e-05,3.6466638159189195e-05
0.3194291011,1.76e-05,-1.887545316028762e-05,3.647545316028762e-05
0.3094275151,1.8e-05,-1.8284447308217528e-05,3.628444730821753e-05
0.2994196912,1.86e-05,-1.7693072851067743e-05,3.629307285106775e-05
0.28941389170000004,1.93e-05,-1.7101818018170245e-05,3.640181801817024e-05
0.27940991860000003,1.95e-05,-1.6510671109464787e-05,3.601067110946478e-05
0.2694063631,2.04e-05,-1.591954887725002e-05,3.631954887725002e-05
0.2593989522,2.08e-05,-1.5328198824771344e-05,3.612819882477135e-05
0.24939652900000003,2.13e-05,-1.4737143501537448e-05,3.603714350153745e-05
0.23939210830000002,2.17e-05,-1.4145970143604901e-05,3.58459701436049e-05
0.22938592319999998,2.25e-05,-1.3554692525135534e-05,3.6054692525135535e-05
0.2193816163,2.3e-05,-1.2963525891783067e-05,3.5963525891783064e-05
0.2093792173,2.34e-05,-1.2372471998556531e-05,3.577247199855653e-05
0.1993732333,2.41e-05,-1.178120626333017e-05,3.588120626333017e-05
0.18936600309999999,2.43e-05,-1.1189866888633742e-05,3.5489866888633745e-05
0.17936557350000001,2.52e-05,-1.059892936964276e-05,3.579892936964276e-05
0.1693599869,2.57e-05,-1.000768711726458e-05,3.570768711726458e-05
0.15935356950000001,2.61e-05,-9.416395771906356e-06,3.551639577190635e-05
0.1493497298,2.71e-05,-8.82525674596876e-06,3.592525674596876e-05
0.1393471319,2.73e-05,-8.234191099499892e-06,3.553419109949989e-05
0.129341642,2.77e-05,-7.64295456124204e-06,3.5342954561242036e-05
0.11933537690000001,2.83e-05,-7.051672215475609e-06,3.5351672215475606e-05
0.1093333189,2.89e-05,-6.4606384723528225e-06,3.536063847235282e-05
0.09932948751000001,2.91e-05,-5.86949993746321e-06,3.496949993746321e-05
0.08932222732,2.97e-05,-5.278158790621295e-06,3.497815879062129e-05
0.07931867315,3.04e-05,-4.687036636997844e-06,3.508703663699784e-05
0.06931561143000001,3.12e-05,-4.095943582842403e-06,3.52959435828424e-05
0.05931048125,3.14e-05,-3.5047283008758154e-06,3.4904728300875815e-05
0.04930438815,3.15e-05,-2.9134561187980782e-06,3.4413456118798077e-05
0.03930174375000001,3.27e-05,-2.322387724587789e-06,3.502238772458779e-05
0.02929940782,3.27e-05,-1.7313375582440782e-06,3.443133755824408e-05
0.019284774100000002,3.35e-05,-1.1395607005678602e-06,3.463956070056786e-05
0.009287960005,3.42e-05,-5.488368261541661e-07,3.474883682615416e-05
-0.0007167699384,3.47e-05,4.2354805346103894e-08,3.46576451946539e-05
-0.01072031984,1.48e-05,6.334767067446194e-07,1.4166523293255382e-05
-0.02072454853,-3.39e-05,1.2246387185732924e-06,-3.512463871857329e-05
-0.0307282693,-3.32e-05,1.8157707167928852e-06,-3.5015770716792886e-05
-0.040734289660000006,-3.3e-05,2.4070386005757645e-06,-3.540703860057577e-05
-0.05073716149,-3.22e-05,2.998120433900704e-06,-3.5198120433900704e-05
-0.06074057316,-3.19e-05,3.589234167026253e-06,-3.5489234167026256e-05
-0.07074637751,-3.12e-05,4.180489286516138e-06,-3.538048928651614e-05
-0.08074866491,-3.11e-05,4.771536585163266e-06,-3.587153658516326e-05
-0.09075242245,-2.99e-05,5.362670756166773e-06,-3.526267075616677e-05
-0.1007558763,-2.98e-05,5.953786981759702e-06,-3.57537869817597e-05
-0.110762131,-2.93e-05,6.545068712977514e-06,-3.5845068712977514e-05
-0.12076472470000002,-2.89e-05,7.136134111263289e-06,-3.603613411126329e-05
-0.13076796340000002,-2.84e-05,7.727237623381667e-06,-3.6127237623381666e-05
-0.1407740415,-2.76e-05,8.318508919091202e-06,-3.59185089190912e-05
-0.1507770216,-2.74e-05,8.90959715022181e-06,-3.630959715022181e-05
-0.1607799678,-2.65e-05,9.500683378160287e-06,-3.600068337816029e-05
-0.170785925,-2.6e-05,1.0091947529742131e-05,-3.609194752974213e-05
-0.180789913,-2.55e-05,1.0683095318906665e-05,-3.618309531890667e-05
-0.19079160250000002,-2.49e-05,1.1274107286917337e-05,-3.6174107286917336e-05
-0.20079634000000002,-2.47e-05,1.186529936494627e-05,-3.656529936494627e-05
-0.210802128,-2.39e-05,1.2456553518294815e-05,-3.6356553518294814e-05
-0.2208038193,-2.34e-05,1.3047565592669671e-05,-3.644756559266967e-05
-0.23080800720000003,-2.31e-05,1.3638725194167752e-05,-3.673872519416775e-05
-0.2408126524,-2.24e-05,1.4229911818077693e-05,-3.662991181807769e-05
-0.25081613160000005,-2.19e-05,1.4821029541632882e-05,-3.672102954163288e-05
-0.2608164891,-2.11e-05,1.541196280014738e-05,-3.651196280014738e-05
-0.2708234052,-2.06e-05,1.6003283614293694e-05,-3.660328361429369e-05
-0.2808275357,-2.03e-05,1.6594439823956133e-05,-3.6894439823956135e-05
-0.29083090040000004,-1.97e-05,1.7185550781567394e-05,-3.688555078156739e-05
-0.3008347733,-1.91e-05,1.777669176933327e-05,-3.687669176933327e-05
-0.31084040970000004,-1.87e-05,1.8367936964453875e-05,-3.7067936964453875e-05
-0.32084195,-1.77e-05,1.8958940116055513e-05,-3.665894011605551e-05
-0.3308470157,-1.73e-05,1.9550151587820666e-05,-3.6850151587820666e-05
-0.34084994980000005,-1.69e-05,2.014123710075546e-05,-3.7041237100755465e-05
-0.3508533634,-1.62e-05,2.073235094792705e-05,-3.6932350947927055e-05
-0.3608583845,-1.58e-05,2.1323559784224087e-05,-3.712355978422409e-05
-0.3708607922,-1.51e-05,2.191461419154418e-05,-3.7014614191544176e-05
-0.3808653813,-1.47e-05,2.2505797500437052e-05,-3.7205797500437054e-05
-0.39086847560000004,-1.43e-05,2.3096892479784226e-05,-3.739689247978423e-05
-0.40087309000000004,-1.36e-05,2.3688077283684797e-05,-3.7288077283684795e-05
-0.4108767607,-1.33e-05,2.4279206323207335e-05,-3.757920632320733e-05
-0.42087880750000006,-1.24e-05,2.4870239404508537e-05,-3.7270239404508534e-05
-0.43088439520000005,-1.18e-05,2.546148172188705e-05,-3.726148172188705e-05
-0.4408865032,-1.11e-05,2.60525184195705e-05,-3.71525184195705e-05
-0.4508914666,-1.07e-05,2.6643723846304526e-05,-3.734372384630452e-05
-0.46089524400000004,-1.05e-05,2.7234859190859532e-05,-3.773485919085953e-05
-0.47089868020000003,-1e-05,2.7825974373492547e-05,-3.7825974373492546e-05
-0.4809036582,-9.32e-06,2.8417180662958283e-05,-3.773718066295828e-05
-0.49090555020000004,-8.59e-06,2.9008204596939658e-05,-3.759820459693966e-05
-0.5009105821000001,-8.18e-06,2.9599414071421803e-05,-3.77794140714218e-05
-0.5109131905000001,-7.51e-06,3.019048033834841e-05,-3.770048033834841e-05
-0.5209181321,-7.01e-06,3.078168447689398e-05,-3.7791684476893985e-05
-0.5309204715,-6.39e-06,3.13727348482842e-05,-3.77627348482842e-05
-0.5409254245,-5.89e-06,3.196393966046961e-05,-3.785393966046961e-05
-0.5509271305000001,-5.32e-06,3.2554952603485304e-05,-3.787495260348531e-05
-0.5609320091,-4.8e-06,3.3146153019284436e-05,-3.794615301928444e-05
-0.5709359836,-3.76e-06,3.373730001071759e-05,-3.749730001071759e-05
-0.5809381104,-3.62e-06,3.4328337819315857e-05,-3.794833781931586e-05
-0.5909430853000001,-2.98e-06,3.491954392559884e-05,-3.789954392559884e-05
-0.6009457073,-2.73e-06,3.5510610996165945e-05,-3.824061099616595e-05
-0.6109518574,-1.86e-06,3.6101886546442844e-05,-3.796188654644284e-05
-0.6209538155000001,-1.36e-06,3.669291438635342e-05,-3.805291438635342e-05
-0.6309577093000001,-7.22e-07,3.7284056609125655e-05,-3.800605660912565e-05
-0.6409617602000001,-3.04e-07,3.7875208115127513e-05,-3.8179208115127516e-05
-0.6509642625000001,2.83e-07,3.846626811247639e-05,-3.818326811247639e-05
-0.6609694824000001,9.15e-07,3.9057488696106635e-05,-3.8142488696106635e-05
-0.6709716511,1.21e-06,3.9648528980626735e-05,-3.843852898062674e-05
-0.6809751897,2.28e-06,4.023965021419999e-05,-3.7959650214199994e-05
-0.6909798064,2.27e-06,4.0830835154010354e-05,-3.856083515401036e-05
-0.7009828659,2.99e-06,4.14219280769833e-05,-3.8431928076983305e-05
-0.7109882254000001,3.63e-06,4.2013156909746934e-05,-3.8383156909746936e-05
-0.7209898392,4.26e-06,4.260416440455276e-05,-3.8344164404552754e-05
-0.7309947904,4.61e-06,4.319536911037398e-05,-3.8585369110373984e-05
-0.7409980965,5.08e-06,4.3786476605240134e-05,-3.8706476605240136e-05
-0.7510018578000001,6.03e-06,4.437761099842661e-05,-3.834761099842661e-05
-0.7610068353,6.08e-06,4.496881725834674e-05,-3.8888817258346735e-05
-0.7710088139000001,7.24e-06,4.555984630962719e-05,-3.831984630962719e-05
-0.7810154351999999,7.46e-06,4.615114970368381e-05,-3.869114970368381e-05
-0.7910166676,8.27e-06,4.674213466110086e-05,-3.847213466110086e-05
-0.8010219303,8.54e-06,4.733335777383504e-05,-3.8793357773835046e-05
-0.8110257746,9.71e-06,4.792449707159222e-05,-3.821449707159222e-05
-0.8210287156000001,9.85e-06,4.851558299225639e-05,-3.866558299225639e-05
-0.8310325488000001,1e-05,4.91067216341011e-05,-3.91067216341011e-05
-0.8410365494,1.07e-05,4.969787016781492e-05,-3.8997870167814926e-05
-0.851040797,1.16e-05,5.0289033297058435e-05,-3.868903329705844e-05
-0.8610457009,1.17e-05,5.0880235207865263e-05,-3.9180235207865264e-05
-0.8710487625,1.25e-05,5.147132825492976e-05,-3.897132825492976e-05
-0.8810532921,1.33e-05,5.2062508047895444e-05,-3.8762508047895446e-05
-0.8910569127000001,1.36e-05,5.2653634126948195e-05,-3.90536341269482e-05
-0.9010628088,1.42e-05,5.3244894668056904e-05,-3.9044894668056905e-05
-0.9110668365,1.5e-05,5.3836044803142605e-05,-3.8836044803142606e-05
-0.9210709610000001,1.53e-05,5.442720065825776e-05,-3.9127200658257764e-05
-0.9310747254,1.59e-05,5.501833523462699e-05,-3.911833523462699e-05
-0.9410789702000001,1.66e-05,5.5609498198415114e-05,-3.900949819841512e-05
-0.9510830287000002,1.71e-05,5.6200650153510195e-05,-3.91006501535102e-05
-0.9610854695000001,1.77e-05,5.679170651674944e-05,-3.909170651674944e-05
-0.9710921265000001,1.79e-05,5.738301202036238e-05,-3.948301202036238e-05
-0.9810959991,1.87e-05,5.79741529904009e-05,-3.9274152990400896e-05
-0.991098993,1.93e-05,5.856524203699025e-05,-3.926524203699025e-05
-1.0011053980000002,1.98e-05,5.9156532649617434e-05,-3.9356532649617434e-05
-1.011108955,2.03e-05,5.974765497046901e-05,-3.944765497046901e-05
-1.0211131100000002,2.11e-05,6.033881262786618e-05,-3.923881262786618e-05
-1.03111817,2.18e-05,6.093002376281141e-05,-3.913002376281141e-05
-1.041121557,2.21e-05,6.152113603815673e-05,-3.942113603815673e-05
-1.051128566,2.28e-05,6.211246234187676e-05,-3.931246234187676e-05
-1.0611307110000001,2.31e-05,6.27035012259351e-05,-3.9603501225935106e-05
-1.071136979,2.39e-05,6.329478374306606e-05,-3.939478374306606e-05
-1.0811410970000002,2.46e-05,6.388593921408833e-05,-3.9285939214088326e-05
-1.091145051,2.47e-05,6.447708499415161e-05,-3.9777084994151605e-05
-1.1011503280000001,2.55e-05,6.506830895189015e-05,-3.956830895189015e-05
-1.1111559880000001,2.63e-05,6.565955554156338e-05,-3.935955554156338e-05
-1.121158544,2.68e-05,6.62506187121104e-05,-3.9450618712110405e-05
-1.1311645670000001,2.71e-05,6.684188675189409e-05,-3.9741886751894086e-05
-1.14116886,2.79e-05,6.74330525638787e-05,-3.9533052563878694e-05
-1.151174022,2.83e-05,6.802426972612769e-05,-3.972426972612769e-05
-1.161177911,2.89e-05,6.861541166526209e-05,-3.9715411665262095e-05
-1.171182723,2.91e-05,6.920660814558642e-05,-4.010660814558642e-05
-1.181188388,3.04e-05,6.979785503071573e-05,-3.939785503071573e-05
-1.1911917520000002,3.07e-05,7.038896594696315e-05,-3.968896594696315e-05
-1.201197649,3.13e-05,7.098022654125394e-05,-3.9680226541253936e-05
-1.211203409,3.16e-05,7.157147904004851e-05,-3.997147904004851e-05
-1.2212078400000002,3.24e-05,7.216265300662057e-05,-3.976265300662057e-05
-1.2312118140000001,3.31e-05,7.275379996850812e-05,-3.965379996850812e-05
-1.2412168410000002,3.34e-05,7.334500915344331e-05,-3.9945009153443314e-05
-1.251222121,3.4e-05,7.393623328845548e-05,-3.993623328845548e-05
-1.261226822,3.47e-05,7.452742320965512e-05,-3.9827423209655115e-05
-1.271232912,3.53e-05,7.51186952085501e-05,-3.981869520855011e-05
-1.281236932,3.6e-05,7.570984488863346e-05,-3.9709844888633464e-05
-1.2912411400000001,3.66e-05,7.630100567786493e-05,-3.970100567786493e-05
-1.30124751,3.7e-05,7.689229422229964e-05,-3.989229422229964e-05
-1.311252569,3.78e-05,7.748350529815366e-05,-3.968350529815367e-05
-1.321255842,3.84e-05,7.807461083710065e-05,-3.9674610837100654e-05
-1.331261304,3.85e-05,7.866584572671366e-05,-4.0165845726713656e-05
-1.341267319,3.93e-05,7.925711329376763e-05,-3.995711329376763e-05
-1.35127208,4.02e-05,7.984830676044007e-05,-3.964830676044007e-05
-1.361276414,4.05e-05,8.043947499516442e-05,-3.993947499516442e-05
-1.3712804710000002,4.08e-05,8.103062686162268e-05,-4.023062686162268e-05
-1.381287458,4.18e-05,8.162195186533602e-05,-3.982195186533602e-05
-1.391291255,4.24e-05,8.221308836807881e-05,-3.981308836807881e-05
-1.4012978600000001,4.26e-05,8.280439079894865e-05,-4.020439079894865e-05
-1.411301326,4.36e-05,8.339550774249982e-05,-3.979550774249981e-05
-1.421308008,4.41e-05,8.39868147233931e-05,-3.98868147233931e-05
-1.4313121180000001,4.46e-05,8.457796972168567e-05,-3.997796972168567e-05
-1.441318146,4.51e-05,8.51692380569254e-05,-4.006923805692541e-05
-1.45132407,4.6e-05,8.576050024667897e-05,-3.9760500246678966e-05
-1.461327176,4.61e-05,8.635159591739333e-05,-4.0251595917393324e-05
-1.471333336,4.7e-05,8.694287205267325e-05,-3.994287205267325e-05
-1.4813370090000002,4.77e-05,8.753400122810558e-05,-3.983400122810558e-05
-1.491343678,4.77e-05,8.812530744081307e-05,-4.042530744081307e-05
-1.5013487540000001,4.88e-05,8.871651952121773e-05,-3.9916519521217735e-05
-1.511353761,4.9e-05,8.930772752432865e-05,-4.0307727524328655e-05
-1.521358585,4.94e-05,8.989892471374754e-05,-4.0498924713747534e-05
-1.531362013,5.06e-05,9.049003941183261e-05,-3.9890039411832616e-05
-1.5413684810000001,5.11e-05,9.108133374720623e-05,-3.9981333747206225e-05
-1.551373189,5.16e-05,9.167252408204436e-05,-4.007252408204436e-05
-1.56137772,5.27e-05,9.226370395773774e-05,-3.9563703957737745e-05
-1.5713843440000002,5.28e-05,9.285500751134065e-05,-4.0055007511340645e-05
-1.581387557,5.35e-05,9.344610950481483e-05,-3.994610950481483e-05
-1.5913941720000002,5.44e-05,9.403741252659682e-05,-3.963741252659682e-05
-1.6013983010000001,5.44e-05,9.462856864762243e-05,-4.022856864762243e-05
-1.611404411,5.51e-05,9.521984182834168e-05,-4.011984182834168e-05
-1.62140909,5.62e-05,9.581103044953463e-05,-3.961103044953463e-05
-1.6314141050000002,5.67e-05,9.640223892537527e-05,-3.9702238925375267e-05
-1.641419656,5.66e-05,9.699347907410624e-05,-4.039347907410624e-05
-1.6514237850000002,5.79e-05,9.758463519513186e-05,-3.9684635195131866e-05
-1.661430681,5.84e-05,9.817595482154477e-05,-3.977595482154477e-05
-1.671434393,5.87e-05,9.876708630153444e-05,-4.006708630153444e-05
-1.6814400989999998,5.98e-05,9.935833560940347e-05,-3.955833560940348e-05
-1.691444905,5.99e-05,9.994953173518053e-05,-4.0049531735180534e-05
-1.7014498080000002,6.05e-05,0.00010054073359280529,-4.0040733592805286e-05
-1.711455105,6.15e-05,0.00010113195873236808,-3.963195873236807e-05
-1.7214591530000003,6.16e-05,0.00010172311006700542,-4.012311006700542e-05
-1.731465824,6.23e-05,0.00010231441639789534,-4.0014416397895345e-05
-1.741470624,6.31e-05,0.0001029056121691251,-3.98056121691251e-05
-1.751475739,6.4e-05,0.00010349682655408707,-3.949682655408707e-05
-1.761479951,6.39e-05,0.0001040879875796834,-4.018798757968341e-05
-1.771485099,6.47e-05,0.0001046792039146554,-3.99792039146554e-05
-1.78149222,6.59e-05,0.00010527053683659133,-3.937053683659133e-05
-1.7914954989999998,6.57e-05,0.00010586164273008559,-4.0161642730085595e-05
-1.8015016220000002,6.69e-05,0.00010645291667899064,-3.955291667899064e-05
-1.811506497,6.73e-05,0.0001070441168820614,-3.974411688206141e-05
-1.8215109219999999,6.74e-05,0.00010763529049408615,-4.023529049408615e-05
-1.831516636,6.86e-05,0.00010822654027468491,-3.962654027468491e-05
-1.841521418,6.91e-05,0.00010881773498227284,-3.971773498227284e-05
-1.85152742,6.93e-05,0.00010940900178114104,-4.0109001781141036e-05
-1.8615313170000003,6.99e-05,0.00011000014419300518,-4.010014419300518e-05
-1.8715378880000002,7.12e-05,0.00011059144461477376,-3.9391444614773766e-05
-1.881542395,7.14e-05,0.00011118262307227802,-3.978262307227802e-05
-1.891547397,7.18e-05,0.00011177383077993287,-3.9973830779932876e-05
-1.901553929,7.25e-05,0.00011236512889714415,-3.986512889714415e-05
-1.9115583230000002,7.31e-05,0.00011295630067734131,-3.985630067734131e-05
-1.921563912,7.39e-05,0.0001135475430715384,-3.9647543071538404e-05
-1.931568812,7.43e-05,0.0001141387447518895,-3.983874475188949e-05
-1.941573633,7.48e-05,0.00011472994176403474,-3.9929941764034734e-05
-1.951579282,7.52e-05,0.00011532118770370463,-4.0121187703704634e-05
-1.9615845630000002,7.61e-05,0.00011591241189780803,-3.981241189780802e-05
-1.971590454,7.65e-05,0.00011650367213755154,-4.000367213755154e-05
-1.981595065,7.73e-05,0.00011709485674054198,-3.979485674054199e-05
-1.9916019700000003,7.8e-05,0.00011768617689877584,-3.9686176898775846e-05
-2.000005406,7.81e-05,0.00011818274612824568,-4.008274612824568e-05
-2.000009636,7.84e-05,0.00011818299608407812,-3.978299608407813e-05
-1.990184761,7.77e-05,0.00011760243229940865,-3.9902432299408644e-05
-1.9801680260000003,7.71e-05,0.00011701053127454768,-3.991053127454767e-05
-1.970158863,7.62e-05,0.00011641907768835409,-4.02190776883541e-05
-1.9601521280000003,7.56e-05,0.00011582776757562653,-4.022776757562653e-05
-1.9501458890000003,7.49e-05,0.00011523648677214076,-4.033648677214076e-05
-1.940139952,7.44e-05,0.00011464522381420141,-4.02452238142014e-05
-1.9301341840000001,7.43e-05,0.00011405397084267714,-3.9753970842677135e-05
-1.920128619,7.31e-05,0.00011346272986666916,-4.0362729866669155e-05
-1.91012383,7.29e-05,0.00011287153474544275,-3.997153474544275e-05
-1.9001186989999999,7.25e-05,0.00011228031941502134,-3.9780319415021344e-05
-1.890113225,7.11e-05,0.00011168908381631379,-4.0589083816313794e-05
-1.8801092860000002,7.13e-05,0.00011109793892261873,-3.979793892261873e-05
-1.870103993,7.07e-05,0.00011050671401942078,-3.980671401942078e-05
-1.8600987160000002,6.95e-05,0.00010991549006168225,-4.041549006168226e-05
-1.8500966570000001,6.93e-05,0.00010932445625946825,-4.0024456259468244e-05
-1.840089689,6.85e-05,0.00010873313237848796,-4.0233132378487965e-05
-1.8300860100000003,6.8e-05,0.00010814200284850836,-4.014200284850836e-05
-1.8200819070000003,6.81e-05,0.0001075508482638543,-3.94508482638543e-05
-1.810077128,6.69e-05,0.00010695965373353999,-4.005965373353999e-05
-1.800072832,6.63e-05,0.00010636848774428174,-4.006848774428174e-05
-1.7900677790000001,6.61e-05,0.00010577727702297501,-3.9677277022975014e-05
-1.780064043,6.5e-05,0.00010518614412479624,-4.018614412479624e-05
-1.7700593990000002,6.46e-05,0.00010459495757179576,-3.9994957571795766e-05
-1.760054868,6.4e-05,0.00010400377769610238,-4.0003777696102384e-05
-1.750051696,6.32e-05,0.00010341267812536793,-4.0212678125367925e-05
-1.740046758,6.26e-05,0.00010282147419955072,-4.022147419955071e-05
-1.7300419160000002,6.24e-05,0.00010223027594649,-3.983027594649e-05
-1.720038479,6.14e-05,0.00010163916071658401,-4.023916071658401e-05
-1.7100324020000002,6.1e-05,0.00010104788948587482,-4.004788948587482e-05
-1.7000318210000003,6.06e-05,0.00010045694302047413,-3.985694302047413e-05
-1.6900254840000002,5.95e-05,9.986565642604946e-05,-4.036565642604945e-05
-1.6800217960000003,5.92e-05,9.927452636424894e-05,-4.0074526364248936e-05
-1.6700192050000002,5.9e-05,9.868346112550943e-05,-3.968346112550943e-05
-1.6600133760000002,5.79e-05,9.809220454942114e-05,-4.019220454942114e-05
-1.6500100610000001,5.72e-05,9.750109652864318e-05,-4.030109652864318e-05
-1.6400066599999998,5.7e-05,9.690998342602085e-05,-3.990998342602085e-05
-1.630002046,5.64e-05,9.631879864575678e-05,-3.991879864575678e-05
-1.619999524,5.54e-05,9.5727737484311e-05,-4.032773748431101e-05
-1.609994068,5.55e-05,9.513650294924529e-05,-3.9636502949245285e-05
-1.59999149,5.44e-05,9.454543847869157e-05,-4.014543847869157e-05
-1.589987977,5.36e-05,9.395431875785337e-05,-4.0354318757853365e-05
-1.579983259,5.36e-05,9.336312783210309e-05,-3.976312783210309e-05
-1.569980991,5.28e-05,9.27720816798255e-05,-3.99720816798255e-05
-1.559975385,5.21e-05,9.218083828107779e-05,-4.008083828107779e-05
-1.549972927,5.21e-05,9.158978090146966e-05,-3.948978090146966e-05
-1.5399691070000001,5.1e-05,9.099864303962898e-05,-3.9998643039628976e-05
-1.5299641600000002,5.03e-05,9.040743858199085e-05,-4.010743858199085e-05
-1.5199624710000001,5.01e-05,8.981642664352579e-05,-3.971642664352579e-05
-1.509956201,4.89e-05,8.92251440082124e-05,-4.03251440082124e-05
-1.4999541600000001,4.86e-05,8.863411126964025e-05,-4.003411126964025e-05
-1.489949089,4.82e-05,8.804289948469165e-05,-3.9842899484691654e-05
-1.479945598,4.72e-05,8.745178106386015e-05,-4.025178106386015e-05
-1.46994332,4.67e-05,8.686073432067044e-05,-4.016073432067044e-05
-1.459937218,4.63e-05,8.62694616126809e-05,-3.99694616126809e-05
-1.449935243,4.53e-05,8.567843277412882e-05,-4.0378432774128815e-05
-1.4399313260000002,4.49e-05,8.508728918044044e-05,-4.018728918044044e-05
-1.429926759,4.44e-05,8.449610717746337e-05,-4.009610717746337e-05
-1.4199249820000002,4.36e-05,8.390509003897155e-05,-4.0305090038971546e-05
-1.4099189810000001,4.32e-05,8.331382329919456e-05,-4.011382329919456e-05
-1.3999166740000002,4.29e-05,8.272277484235965e-05,-3.982277484235965e-05
-1.389913812,4.16e-05,8.213169358990132e-05,-4.053169358990132e-05
-1.379909097,4.14e-05,8.15405028414247e-05,-4.014050284142471e-05
-1.3699061190000001,4.12e-05,8.094941473438564e-05,-3.9749414734385644e-05
-1.359900743,4.01e-05,8.035818492661698e-05,-4.025818492661698e-05
-1.349898837,3.94e-05,7.976716016535862e-05,-4.036716016535862e-05
-1.339894156,3.95e-05,7.917597142598325e-05,-3.967597142598325e-05
-1.329890368,3.87e-05,7.858483545506138e-05,-3.988483545506138e-05
-1.319886707,3.78e-05,7.799370698872361e-05,-4.019370698872361e-05
-1.309882971,3.74e-05,7.740257409054483e-05,-4.0002574090544825e-05
-1.299879818,3.7e-05,7.681147564254344e-05,-3.981147564254344e-05
-1.2898758760000002,3.61e-05,7.622033057157472e-05,-4.012033057157472e-05
-1.279871222,3.58e-05,7.56291434276621e-05,-3.9829143427662096e-05
-1.26986791,3.52e-05,7.50380355841578e-05,-3.983803558415779e-05
-1.259864217,3.45e-05,7.44469052269012e-05,-3.9946905226901196e-05
-1.2498592650000002,3.39e-05,7.3855700473807e-05,-3.9955700473807e-05
-1.239855949,3.37e-05,7.326459239393783e-05,-3.956459239393783e-05
-1.229852067,3.28e-05,7.267345086844189e-05,-3.9873450868441895e-05
-1.219848545,3.22e-05,7.208233061578279e-05,-3.988233061578279e-05
-1.209843921,3.18e-05,7.149114524460657e-05,-3.969114524460657e-05
-1.199840328,3.1e-05,7.09000207964713e-05,-3.99000207964713e-05
-1.1898357990000001,3.05e-05,7.030884103896036e-05,-3.980884103896037e-05
-1.179832376,3.01e-05,6.971772663633136e-05,-3.9617726636331357e-05
-1.16982966,2.94e-05,6.912665401119019e-05,-3.9726654011190194e-05
-1.159824812,2.89e-05,6.853545540358219e-05,-3.963545540358219e-05
-1.149819318,2.83e-05,6.794421862305035e-05,-3.9644218623050356e-05
-1.139818793,2.77e-05,6.735327546675763e-05,-3.9653275466757635e-05
-1.129811069,2.71e-05,6.676190691282005e-05,-3.966190691282005e-05
-1.11980862,2.65e-05,6.617085006503284e-05,-3.9670850065032835e-05
-1.10980348,2.58e-05,6.557963420279055e-05,-3.9779634202790544e-05
-1.099800247,2.52e-05,6.498853102749207e-05,-3.978853102749207e-05
-1.089796464,2.49e-05,6.439739535202628e-05,-3.949739535202628e-05
-1.07979106,2.4e-05,6.380616388970365e-05,-3.980616388970365e-05
-1.069787804,2.34e-05,6.321505935530729e-05,-3.981505935530729e-05
-1.0597837760000002,2.32e-05,6.262390920249423e-05,-3.942390920249423e-05
-1.049778813,2.25e-05,6.203270379939668e-05,-3.953270379939668e-05
-1.03977566,2.16e-05,6.14416053513953e-05,-3.98416053513953e-05
-1.029770886,2.11e-05,6.085041111653707e-05,-3.975041111653707e-05
-1.019768036,2.07e-05,6.025933057317332e-05,-3.955933057317332e-05
-1.0097618640000001,2.02e-05,5.966805372879885e-05,-3.9468053728798844e-05
-0.9997582998000001,1.95e-05,5.907693098249053e-05,-3.957693098249053e-05
-0.9897536566999999,1.92e-05,5.8485744482672125e-05,-3.9285744482672126e-05
-0.9797490619000001,1.85e-05,5.7894560836959344e-05,-3.939456083695935e-05
-0.9697445097,1.78e-05,5.730337970853224e-05,-3.950337970853224e-05
-0.9597397144,1.76e-05,5.671218421503118e-05,-3.9112184215031176e-05
-0.949734849,1.68e-05,5.612098457923606e-05,-3.932098457923606e-05
-0.9397315772,1.61e-05,5.552987911119851e-05,-3.9429879111198515e-05
-0.9297259302,1.55e-05,5.493863328971105e-05,-3.943863328971105e-05
-0.9197223155,1.54e-05,5.434750755929646e-05,-3.894750755929646e-05
-0.9097157125,1.47e-05,5.375620524660904e-05,-3.905620524660904e-05
-0.899713467,1.41e-05,5.316516042388375e-05,-3.906516042388375e-05
-0.8897080143,1.36e-05,5.257392608381903e-05,-3.8973926083819034e-05
-0.8797034363999999,1.29e-05,5.198274343674775e-05,-3.908274343674775e-05
-0.8696998412000001,1.21e-05,5.139161885861182e-05,-3.929161885861182e-05
-0.8596952748,1.18e-05,5.080043689108948e-05,-3.900043689108948e-05
-0.8496893651,1.14e-05,5.020917554634028e-05,-3.880917554634028e-05
-0.8396841738999999,1.06e-05,4.961795665862785e-05,-3.901795665862785e-05
-0.8296788572,1.02e-05,4.902673035496815e-05,-3.882673035496815e-05
-0.8196762109,9.45e-06,4.843566184848455e-05,-3.8985661848484553e-05
-0.8096694973,8.94e-06,4.784435300030894e-05,-3.890435300030894e-05
-0.7996658751,8.61e-06,4.725322682671024e-05,-3.864322682671024e-05
-0.789659942,7.63e-06,4.666196409922665e-05,-3.903196409922665e-05
-0.7796549034,7.34e-06,4.607075422883337e-05,-3.873075422883337e-05
-0.7696501522,6.9e-06,4.547956134125482e-05,-3.857956134125482e-05
-0.7596447011,6.2e-06,4.488832709573605e-05,-3.868832709573605e-05
-0.749640614,5.65e-06,4.4297173450632275e-05,-3.864717345063227e-05
-0.7396356315,5.29e-06,4.370596689525607e-05,-3.841596689525607e-05
-0.7296311527,4.33e-06,4.311479010412403e-05,-3.8784790104124027e-05
-0.7196257531000001,3.81e-06,4.252355890180275e-05,-3.871355890180275e-05
-0.7096203418,3.38e-06,4.193232700811426e-05,-3.8552327008114265e-05
-0.6996161228000001,2.83e-06,4.134116556887945e-05,-3.851116556887945e-05
-0.6896098311,2.08e-06,4.074988165128674e-05,-3.866988165128674e-05
-0.6796062526,2.07e-06,4.0158758059974064e-05,-3.8088758059974065e-05
-0.6696005085,1.11e-06,3.956750650072978e-05,-3.845750650072978e-05
-0.6595959207000001,7.08e-07,3.897632326865549e-05,-3.826832326865549e-05
-0.649590671,2.1e-07,3.8385100924107083e-05,-3.8175100924107084e-05
-0.6395849838000001,-7.06e-07,3.779385272715285e-05,-3.849985272715285e-05
-0.6295807494,-1.12e-06,3.720269037791334e-05,-3.832269037791334e-05
-0.6195749139,-1.6e-06,3.661143341773216e-05,-3.8211433417732155e-05
-0.6095706876,-2.08e-06,3.6020271547131485e-05,-3.8100271547131485e-05
-0.5995648731000001,-2.54e-06,3.542901582786579e-05,-3.796901582786579e-05
-0.5895610245,-2.97e-06,3.4837876276016394e-05,-3.7807876276016394e-05
-0.5795555014,-3.85e-06,3.424663777593026e-05,-3.8096637775930256e-05
-0.5695512034000001,-4.43e-06,3.3655471668489594e-05,-3.80854716684896e-05
-0.5595457694,-4.69e-06,3.3064238433430566e-05,-3.775423843343056e-05
-0.5495407314,-5.6e-06,3.247302859849202e-05,-3.807302859849202e-05
-0.5395366580000001,-6.07e-06,3.188187576293787e-05,-3.795187576293787e-05
-0.5295304906,-6.35e-06,3.129059919038298e-05,-3.764059919038298e-05
-0.5195254405,-7.36e-06,3.0699388640440764e-05,-3.805938864044076e-05
-0.5095206765,-7.76e-06,3.0108194996494673e-05,-3.786819499649467e-05
-0.4995160018,-8.25e-06,2.9517006629393935e-05,-3.776700662939394e-05
-0.48951144160000004,-8.93e-06,2.8925825028237133e-05,-3.785582502823713e-05
-0.479505599,-9.3e-06,2.8334567648508334e-05,-3.763456764850834e-05
-0.4695019761,-9.84e-06,2.774344143354579e-05,-3.7583441433545786e-05
-0.45949587030000005,-1.05e-05,2.7152168501009648e-05,-3.7652168501009645e-05
-0.44949173060000003,-1.08e-05,2.6561011747708047e-05,-3.736101174770805e-05
-0.4394870632,-1.15e-05,2.596982381197317e-05,-3.746982381197317e-05
-0.42948244370000005,-1.21e-05,2.5378638706707413e-05,-3.747863870670741e-05
-0.4194775425,-1.25e-05,2.4787436955446853e-05,-3.728743695544685e-05
-0.4094727386,-1.32e-05,2.4196240953761355e-05,-3.739624095376136e-05
-0.399467523,-1.38e-05,2.3605020624223322e-05,-3.740502062422332e-05
-0.3894620325,-1.44e-05,2.3013784050510746e-05,-3.7413784050510743e-05
-0.3794571165,-1.47e-05,2.2422581424700232e-05,-3.712258142470023e-05
-0.36945388520000005,-1.55e-05,2.1831478349856834e-05,-3.7331478349856835e-05
-0.3594477117,-1.61e-05,2.1240201416845543e-05,-3.734020141684554e-05
-0.34944333120000004,-1.65e-05,2.0649030434379773e-05,-3.7149030434379774e-05
-0.33943881280000004,-1.72e-05,2.0057851303235687e-05,-3.725785130323569e-05
-0.3294345871,-1.76e-05,1.9466689468089737e-05,-3.706668946808974e-05
-0.31942916070000005,-1.82e-05,1.887545668212394e-05,-3.707545668212394e-05
-0.3094272388,-1.9e-05,1.8284430981315282e-05,-3.728443098131528e-05
-0.299420842,-1.91e-05,1.7693140853236055e-05,-3.6793140853236055e-05
-0.2894138697,-1.95e-05,1.710181671816355e-05,-3.660181671816355e-05
-0.2794105974,-2.04e-05,1.6510711220580405e-05,-3.6910711220580406e-05
-0.2694064163,-2.06e-05,1.5919552020902572e-05,-3.6519552020902575e-05
-0.25939926690000004,-2.15e-05,1.5328217420776186e-05,-3.682821742077619e-05
-0.24939642560000003,-2.19e-05,1.4737137391505988e-05,-3.663713739150599e-05
-0.23939248840000002,-2.24e-05,1.4145992604175092e-05,-3.654599260417509e-05
-0.22938691,-2.3e-05,1.355475083634486e-05,-3.6554750836344856e-05
-0.21938099350000004,-2.35e-05,1.2963489089775401e-05,-3.64634890897754e-05
-0.2093784549,-2.38e-05,1.237242694741548e-05,-3.617242694741548e-05
-0.19937355510000002,-2.47e-05,1.1781225278882623e-05,-3.6481225278882624e-05
-0.1893670244,-2.54e-05,1.1189927238489927e-05,-3.6589927238489926e-05
-0.1793645938,-2.59e-05,1.059887147798105e-05,-3.649887147798105e-05
-0.16935932880000001,-2.63e-05,1.0007648229337081e-05,-3.630764822933708e-05
-0.15935376280000002,-2.67e-05,9.416407194237895e-06,-3.6116407194237893e-05
-0.1493497198,-2.76e-05,8.825256155056626e-06,-3.642525615505663e-05
-0.13934611090000001,-2.79e-05,8.23413076737107e-06,-3.613413076737107e-05
-0.12934200290000003,-2.85e-05,7.642975887260937e-06,-3.614297588726094e-05
-0.11933523230000001,-2.89e-05,7.05166367088616e-06,-3.595166367088616e-05
-0.10933342310000001,-2.95e-05,6.460644629657252e-06,-3.596064462965725e-05
-0.09932910469,-2.98e-05,5.869477316164918e-06,-3.566947731616492e-05
-0.08932277471,-3.04e-05,5.2781911365605645e-06,-3.5678191136560565e-05
-0.07931823896,-3.12e-05,4.687010980183923e-06,-3.588701098018392e-05
-0.06931567399,-3.16e-05,4.09594727958871e-06,-3.569594727958871e-05
-0.05931026876,-3.21e-05,3.504715744583893e-06,-3.5604715744583895e-05
-0.04930324777,-3.26e-05,2.913388732360209e-06,-3.551338873236021e-05
-0.03930182707,-3.33e-05,2.3223926480676843e-06,-3.5622392648067684e-05
-0.0292955723,-3.36e-05,1.7311109127134862e-06,-3.533111091271348e-05
-0.01928729381,-3.42e-05,1.1397095932890265e-06,-3.533970959328902e-05
-0.009287388427,-3.49e-05,5.488030509166274e-07,-3.544880305091663e-05
0.0007158470725000001,-3.52e-05,-4.2300272080322264e-08,-3.515769972791968e-05
0.01072256452,-1.44e-05,-6.336093476093807e-07,-1.3766390652390619e-05
0.020724857670000003,3.31e-05,-1.2246569860309846e-06,3.4324656986030986e-05
0.03072830525,3.3e-05,-1.815772841122005e-06,3.481577284112201e-05
0.040734805980000004,3.26e-05,-2.4070691105510366e-06,3.5007069110551035e-05
0.05073716977000001,3.16e-05,-2.9981209231759507e-06,3.4598120923175956e-05
0.06074172757,3.13e-05,-3.589302382513846e-06,3.488930238251385e-05
0.07074609025,3.08e-05,-4.180472311974195e-06,3.49804723119742e-05
0.08074974267,3.04e-05,-4.771600271309355e-06,3.5171600271309356e-05
0.09075260849000001,2.95e-05,-5.362681749496104e-06,3.48626817494961e-05
0.10075631620000002,2.93e-05,-5.95381297598445e-06,3.525381297598445e-05
0.1107632942,2.86e-05,-6.5451374478768725e-06,3.5145137447876875e-05
0.12076525460000001,2.85e-05,-7.136165423697238e-06,3.563616542369724e-05
0.13076877520000002,2.78e-05,-7.727285593628657e-06,3.552728559362866e-05
0.1407747548,2.7e-05,-8.31855106885368e-06,3.531855106885368e-05
0.15077766780000001,2.67e-05,-8.909635334963873e-06,3.560963533496387e-05
0.1607814885,2.62e-05,-9.500773238168414e-06,3.5700773238168414e-05
0.17078487090000002,2.57e-05,-1.009188524169415e-05,3.5791885241694154e-05
0.18079063750000002,2.51e-05,-1.0683138130490731e-05,3.5783138130490735e-05
0.1907931525,2.44e-05,-1.1274198878298013e-05,3.567419887829801e-05
0.200796752,2.43e-05,-1.1865323710526164e-05,3.616532371052616e-05
0.21080248029999998,2.31e-05,-1.2456574336129275e-05,3.555657433612927e-05
0.22080508470000001,2.3e-05,-1.3047640366691032e-05,3.604764036669103e-05
0.23080857470000002,2.24e-05,-1.3638758728431324e-05,3.603875872843132e-05
0.2408127173,2.18e-05,-1.4229915653097439e-05,3.602991565309744e-05
0.25081786980000004,2.15e-05,-1.4821132253979909e-05,3.632113225397991e-05
0.2608175895,2.08e-05,-1.541202782411854e-05,3.6212027824118536e-05
0.2708241763,2e-05,-1.6003329179528304e-05,3.600332917952831e-05
0.2808282703,1.94e-05,-1.659448323236145e-05,3.5994483232361455e-05
0.29083192890000004,1.91e-05,-1.7185611556880314e-05,3.6285611556880314e-05
0.3008371436,1.85e-05,-1.777683183323625e-05,3.627683183323625e-05
0.310839912,1.79e-05,-1.8367907554756995e-05,3.6267907554756996e-05
0.3208432507,1.74e-05,-1.8959016975996708e-05,3.635901697599671e-05
0.3308475708,1.71e-05,-1.955018438935319e-05,3.665018438935319e-05
0.3408503426,1.63e-05,-2.014126031178406e-05,3.644126031178406e-05
0.35085483250000005,1.57e-05,-2.073243775882857e-05,3.643243775882857e-05
0.36085873510000005,1.53e-05,-2.1323580501603488e-05,3.6623580501603484e-05
0.37086207390000003,1.46e-05,-2.191468992875232e-05,3.651468992875232e-05
0.38086725990000003,1.4e-05,-2.2505908509190434e-05,3.6505908509190435e-05
0.3908684739,1.36e-05,-2.309689237932916e-05,3.669689237932916e-05
0.4008743712,1.33e-05,-2.3688152991347327e-05,3.6988152991347325e-05
0.4108769522,1.24e-05,-2.4279217639174687e-05,3.6679217639174687e-05
0.42088075010000003,1.19e-05,-2.4870354195099568e-05,3.677035419509957e-05
0.43088576359999997,1.14e-05,-2.546156258230338e-05,3.686156258230338e-05
0.4408875448,1.1e-05,-2.6052579968978313e-05,3.7052579968978316e-05
0.45089294389999995,1.04e-05,-2.6643811141753993e-05,3.7043811141753995e-05
0.46089576239999996,9.91e-06,-2.7234889823744524e-05,3.714488982374452e-05
0.4709011048,9.28e-06,-2.782611764604841e-05,3.7106117646048414e-05
0.4809032153,8.8e-06,-2.8417154491459897e-05,3.72171544914599e-05
0.4909074198,7.64e-06,-2.900831507387212e-05,3.664831507387212e-05
0.500911468,7.52e-06,-2.9599466420327693e-05,3.7119466420327696e-05
0.5109150108,7.23e-06,-3.019058790208405e-05,3.742058790208405e-05
0.5209191046,6.3e-06,-3.0781741943098954e-05,3.708174194309895e-05
0.5309215781,5.65e-06,-3.137280023862088e-05,3.7022800238620885e-05
0.5409273961000001,5.53e-06,-3.1964056164705835e-05,3.749405616470584e-05
0.5509283213,4.91e-06,-3.255502296930215e-05,3.746502296930215e-05
0.5609342193000001,4.35e-06,-3.314628362268417e-05,3.7496283622684164e-05
0.5709358368999999,3.69e-06,-3.373729134203659e-05,3.742729134203659e-05
0.5809408631,2.93e-06,-3.432850047969882e-05,3.725850047969882e-05
0.5909444451000001,2.86e-06,-3.491962427783074e-05,3.777962427783074e-05
0.6009481875000001,2.14e-06,-3.551075755419328e-05,3.765075755419328e-05
0.6109519945,1.32e-06,-3.6101894647848194e-05,3.7421894647848195e-05
0.6209546607,9.43e-07,-3.6692964330246936e-05,3.7635964330246937e-05
0.6309599036,5.63e-07,-3.728418627297509e-05,3.784718627297509e-05
0.6409623938,-3.68e-07,-3.787524555532028e-05,3.750724555532028e-05
0.650966555,-4.37e-07,-3.846640357908297e-05,3.8029403579082965e-05
0.6609709383000001,-1.39e-06,-3.9057574727004136e-05,3.766757472700414e-05
0.6709722999,-1.78e-06,-3.9648567319005945e-05,3.7868567319005945e-05
0.6809786042,-2.75e-06,-4.023985198114794e-05,3.7489851981147944e-05
0.6909805052,-2.99e-06,-4.083087644695023e-05,3.784087644695023e-05
0.7009850778000001,-3.41e-06,-4.142205878083809e-05,3.801205878083809e-05
0.710988376,-4.02e-06,-4.201316580888366e-05,3.799316580888366e-05
0.7209918126,-4.35e-06,-4.260428101515316e-05,3.825428101515316e-05
0.7309968004,-4.83e-06,-4.3195487883712795e-05,3.8365487883712796e-05
0.7409990866,-5.74e-06,-4.378653511145046e-05,3.804653511145046e-05
0.7510049649,-6.26e-06,-4.437779460073558e-05,3.811779460073558e-05
0.7610084623,-6.51e-06,-4.496891339975084e-05,3.8458913399750844e-05
0.7710122354000001,-7.41e-06,-4.556004849021363e-05,3.8150048490213634e-05
0.7810163868,-8.05e-06,-4.615120593488242e-05,3.810120593488242e-05
0.7910180057,-8.46e-06,-4.674221373105343e-05,3.828221373105343e-05
0.8010235117000001,-8.96e-06,-4.733345122067982e-05,3.837345122067982e-05
0.8110271875,-9.61e-06,-4.792458056156755e-05,3.831458056156755e-05
0.8210316458,-1.04e-05,-4.851575614132971e-05,3.811575614132971e-05
0.8310341886,-1.04e-05,-4.910681853187273e-05,3.8706818531872726e-05
0.8410395076999999,-1.12e-05,-4.9698044977351336e-05,3.8498044977351335e-05
0.8510431048000001,-1.22e-05,-5.028916966776059e-05,3.808916966776059e-05
0.8610467287,-1.21e-05,-5.0880295941814336e-05,3.878029594181434e-05
0.8710522612000001,-1.28e-05,-5.147153499735788e-05,3.867153499735788e-05
0.8810541664000001,-1.37e-05,-5.206255971134327e-05,3.836255971134327e-05
0.8910597245000001,-1.41e-05,-5.2653800279621873e-05,3.8553800279621876e-05
0.9010634502000001,-1.47e-05,-5.324493256916114e-05,3.8544932569161145e-05
0.9110673334,-1.53e-05,-5.3836074165566515e-05,3.8536074165566516e-05
0.9210723518999999,-1.59e-05,-5.4427282848226394e-05,3.852728284822639e-05
0.9310762853000001,-1.64e-05,-5.5018427411010685e-05,3.8618427411010686e-05
0.9410812008000001,-1.69e-05,-5.56096300072756e-05,3.8709630007275594e-05
0.9510849016,-1.76e-05,-5.620076082544365e-05,3.860076082544365e-05
0.9610882751,-1.81e-05,-5.6791872303057585e-05,3.8691872303057585e-05
0.9710936262,-1.87e-05,-5.7383100639455024e-05,3.8683100639455024e-05
0.9810969660000001,-1.92e-05,-5.797421012569508e-05,3.877421012569508e-05
0.9911018382000001,-1.92e-05,-5.856541016331045e-05,3.936541016331045e-05
1.001105897,-2.03e-05,-5.915656213613288e-05,3.885656213613288e-05
1.011110645,-2.08e-05,-5.9747754834619556e-05,3.894775483461955e-05
1.02111489,-2.14e-05,-6.0338917810225916e-05,3.893891781022592e-05
1.031118664,-2.22e-05,-6.09300529538708e-05,3.87300529538708e-05
1.041123998,-2.23e-05,-6.152128027980849e-05,3.9221280279808486e-05
1.051128702,-2.3e-05,-6.211247037828177e-05,3.911247037828176e-05
1.061132624,-2.4e-05,-6.270361426742623e-05,3.870361426742623e-05
1.071137738,-2.4e-05,-6.329482859329698e-05,3.929482859329698e-05
1.081142308,-2.46e-05,-6.388601077354768e-05,3.928601077354768e-05
1.0911471830000001,-2.53e-05,-6.447721097661846e-05,3.917721097661846e-05
1.1011492260000002,-2.58e-05,-6.506824383337304e-05,3.926824383337304e-05
1.1111571690000002,-2.64e-05,-6.565962532828633e-05,3.925962532828633e-05
1.1211607900000002,-2.72e-05,-6.625075143097559e-05,3.905075143097559e-05
1.131164562,-2.75e-05,-6.684188645643802e-05,3.9341886456438014e-05
1.14117065,-2.77e-05,-6.743315833715058e-05,3.973315833715058e-05
1.1511748640000001,-2.88e-05,-6.802431948092933e-05,3.922431948092933e-05
1.161178896,-2.93e-05,-6.861546987010724e-05,3.931546987010724e-05
1.171184835,-3.02e-05,-6.9206732946229e-05,3.9006732946229004e-05
1.181188488,-3.07e-05,-6.979786093983706e-05,3.909786093983706e-05
1.191193723,-3.12e-05,-7.038908241574463e-05,3.918908241574463e-05
1.201198858,-3.13e-05,-7.098029798253086e-05,3.968029798253086e-05
1.211202866,-3.24e-05,-7.157144695351967e-05,3.917144695351967e-05
1.221208163,-3.29e-05,-7.216267209308247e-05,3.926267209308247e-05
1.231213552,-3.32e-05,-7.275390266903689e-05,3.955390266903689e-05
1.241218291,-3.42e-05,-7.334509483570264e-05,3.9145094835702644e-05
1.251223355,-3.42e-05,-7.393630620701274e-05,3.973630620701274e-05
1.261227107,-3.51e-05,-7.452744005065092e-05,3.942744005065092e-05
1.271231952,-3.6e-05,-7.511863848098528e-05,3.911863848098528e-05
1.281237768,-3.59e-05,-7.57098942888878e-05,3.980989428888781e-05
1.291241979,-3.68e-05,-7.630105525539291e-05,3.950105525539291e-05
1.301247128,-3.77e-05,-7.689227164945614e-05,3.919227164945614e-05
1.3112519759999999,-3.79e-05,-7.748347025706414e-05,3.958347025706414e-05
1.3212578970000002,-3.87e-05,-7.807473226954407e-05,3.937473226954407e-05
1.331262533,-3.93e-05,-7.866591834981485e-05,3.936591834981485e-05
1.34126725,-3.94e-05,-7.925710921647391e-05,3.9857109216473906e-05
1.351271743,-4.06e-05,-7.984828684670118e-05,3.924828684670118e-05
1.361277858,-4.07e-05,-8.043956032287648e-05,3.973956032287648e-05
1.371281889,-4.12e-05,-8.10307106529632e-05,3.9830710652963196e-05
1.381287201,-4.22e-05,-8.162193667889418e-05,3.942193667889418e-05
1.391293198,-4.26e-05,-8.221320318230633e-05,3.961320318230633e-05
1.401297505,-4.32e-05,-8.280436982156792e-05,3.9604369821567916e-05
1.411303024,-4.41e-05,-8.339560807938007e-05,3.929560807938007e-05
1.421308626,-4.43e-05,-8.398685124176294e-05,3.968685124176294e-05
1.431313075,-4.48e-05,-8.457802627197682e-05,3.9778026271976827e-05
1.4413184700000001,-4.6e-05,-8.516925720247854e-05,3.916925720247854e-05
1.451322596,-4.62e-05,-8.57604131462305e-05,3.9560413146230505e-05
1.461328651,-4.7e-05,-8.635168307693302e-05,3.935168307693302e-05
1.471333197,-4.74e-05,-8.69428638389946e-05,3.9542863838994594e-05
1.481337847,-4.77e-05,-8.753405074654235e-05,3.983405074654235e-05
1.4913440210000002,-4.85e-05,-8.812532770909926e-05,3.9625327709099265e-05
1.5013485020000001,-4.9e-05,-8.871650463023197e-05,3.971650463023197e-05
1.5113538880000001,-4.95e-05,-8.930773502891275e-05,3.9807735028912756e-05
1.5213579400000001,-5.04e-05,-8.989888659991494e-05,3.9498886599914945e-05
1.5313645370000002,-5.05e-05,-9.049018855805508e-05,3.999018855805508e-05
1.5413673030000001,-5.11e-05,-9.108126413775692e-05,3.9981264137756916e-05
1.551373915,-5.22e-05,-9.167256698226525e-05,3.947256698226525e-05
1.561378443,-5.21e-05,-9.226374668068498e-05,4.016374668068498e-05
1.571383009,-5.29e-05,-9.285492862457082e-05,3.9954928624570825e-05
1.581389553,-5.39e-05,-9.344622745087665e-05,3.954622745087665e-05
1.591392801,-5.38e-05,-9.403733151254332e-05,4.023733151254332e-05
1.6013986020000002,-5.46e-05,-9.462858643407765e-05,4.002858643407765e-05
1.611404384,-5.57e-05,-9.521984023287892e-05,3.951984023287892e-05
1.621409349,-5.59e-05,-9.581104575415888e-05,3.991104575415888e-05
1.631413963,-5.67e-05,-9.640223053442296e-05,3.970223053442296e-05
1.6414183900000001,-5.76e-05,-9.699340426463017e-05,3.939340426463017e-05
1.651424517,-5.79e-05,-9.758467844990001e-05,3.9684678449900015e-05
1.6614292050000001,-5.85e-05,-9.81758676029139e-05,3.96758676029139e-05
1.6714334910000002,-5.92e-05,-9.876703300126001e-05,3.9567033001260005e-05
1.6814401460000001,-5.91e-05,-9.935833838669053e-05,4.025833838669053e-05
1.6914445790000003,-6.03e-05,-9.9949512471445e-05,3.9649512471445e-05
1.701449522,-6.08e-05,-0.00010054071669271827,3.974071669271827e-05
1.7114538570000002,-6.11e-05,-0.00010113188498653384,4.003188498653384e-05
1.7214595529999999,-6.21e-05,-0.00010172313370349073,3.9623133703490726e-05
1.7314634440000003,-6.24e-05,-0.0001023142757608076,3.9914275760807605e-05
1.7414706640000002,-6.3e-05,-0.00010290561453277365,3.9905614532773645e-05
1.7514746360000002,-6.4e-05,-0.00010349676137647876,3.9496761376478767e-05
1.761479006,-6.42e-05,-0.00010408793173848679,3.9887931738486786e-05
1.7714853950000002,-6.44e-05,-0.00010467922140565457,4.027922140565458e-05
1.781489719,-6.55e-05,-0.00010527038904946677,3.977038904946676e-05
1.7914960670000002,-6.61e-05,-0.0001058616762938948,3.97616762938948e-05
1.8014987690000002,-6.68e-05,-0.00010645274809175897,3.965274809175897e-05
1.8115064040000002,-6.74e-05,-0.00010704411138657856,3.9644111386578565e-05
1.8215101180000002,-6.78e-05,-0.00010763524298475064,3.983524298475065e-05
1.8315158169999999,-6.84e-05,-0.00010822649187898118,3.9826491878981184e-05
1.8415206910000002,-6.91e-05,-0.00010881769202296076,3.971769202296076e-05
1.851526343,-6.94e-05,-0.00010940893813990427,4.000893813990426e-05
1.8615313160000002,-7.03e-05,-0.00011000014413391397,3.970014413391397e-05
1.871536002,-7.09e-05,-0.0001105913331687454,3.9691333168745396e-05
1.881541243,-7.12e-05,-0.00011118255499920025,3.9982554999200254e-05
1.8915469130000002,-7.19e-05,-0.00011177380217978563,3.9873802179785626e-05
1.9015511250000001,-7.3e-05,-0.00011236496320538195,3.936496320538195e-05
1.911557734,-7.31e-05,-0.00011295626587261664,3.985626587261664e-05
1.921562605,-7.39e-05,-0.00011354746583932256,3.964746583932257e-05
1.931568149,-7.45e-05,-0.00011413870557441505,3.963870557441506e-05
1.941571635,-7.47e-05,-0.00011472982369979048,4.002982369979048e-05
1.9515774620000002,-7.56e-05,-0.00011532108015769636,3.9721080157696366e-05
1.961582965,-7.62e-05,-0.0001159123174700491,3.97123174700491e-05
1.9715887900000002,-7.65e-05,-0.00011650357380977254,4.000357380977254e-05
1.981593275,-7.71e-05,-0.0001170947509672701,3.9994750967270096e-05
1.9915987389999998,-7.83e-05,-0.00011768598597506552,3.938598597506551e-05
2.000009822,-7.86e-05,-0.00011818300707504379,3.958300707504379e-05
